timestamp,lowtemp,hightemp,precipation,highwind,avgwind,humidity,totalsun,abvgrnd
2017-01-01,-0.6,11.2,,1.9,0.7,80.6,7.4,2.4
2017-01-02,2.7,13.3,0,3,1,81.6,4.8,3.9
2017-01-03,1.4,11.5,,2.4,1,68.3,8.7,2.4
2017-01-04,-0.5,11.6,,2.7,0.8,77.1,7.5,2.3
2017-01-05,2.7,10.5,0,4.2,1.6,71.3,0,3.4
2017-01-06,5.4,13.3,0,4.5,1.6,65.9,7.9,6.3
2017-01-07,1.9,9.9,0,2.2,0.9,71.4,0.4,3.2
2017-01-08,5.5,14.8,1.2,4.1,1.8,73.8,4.2,8.8
2017-01-09,1.6,8.7,0,4.1,1.9,65.6,5.6,4.5
2017-01-10,0.6,6.6,,4,1.9,57.4,4.8,1.8
2017-01-11,-3.5,4,0,4.5,2.3,53.4,8.5,0.9
2017-01-12,-1.2,7.5,0.1,3.5,1.1,76.3,1.9,0.1
2017-01-13,-2.2,4.8,0.1,4,1.5,71.3,3.3,-1.8
2017-01-14,-4.9,-0.8,0.3,5.3,2.7,59.9,7.4,-1.3
2017-01-15,-7.9,2.3,,5.4,2.1,50.8,9.4,-2.8
2017-01-16,-4.9,5.3,,3,1.4,48.5,9.1,-2.4
2017-01-17,-4.2,5.4,,1.8,0.7,48.9,3.9,-1.7
2017-01-18,-1.9,8.4,,5,2.3,55.8,4.8,-0.3
2017-01-19,-1.3,8.4,,3,1.4,66.3,8.3,1
2017-01-20,-1.6,1.3,2.5,4.3,2.2,77.1,1.3,-1.2
2017-01-21,-3.5,2.6,0.8,4,1.4,78.8,2.6,-1.2
2017-01-22,-4.7,1.1,1,3.9,1.8,80.6,3.8,-1.1
2017-01-23,-7.3,0,0.1,4.3,1.9,69.8,7.3,0.5
2017-01-24,-5.9,2.7,,3.8,1.5,65.8,8.4,-1.6
2017-01-25,-5.5,3.5,,4,1.4,64.4,9.3,-0.7
2017-01-26,-6,7.8,,3,1.3,57.6,8.7,-0.2
2017-01-27,-2.4,5.7,0.6,4.6,1.9,56.6,7.6,1.7
2017-01-28,-4.4,11,,5,1.2,43.8,8.7,1.6
2017-01-29,3.7,7.1,4.6,2.9,0.7,88.1,0,4.4
2017-01-30,-4.3,3.7,0.4,5.4,2.5,62.5,3.1,0.7
2017-01-31,-6.1,5.5,,4.2,1.6,51.9,9,-0.7
2017-02-01,-3.2,5.2,,4.6,1.7,45.3,7.3,-0.2
2017-02-02,-5.3,7.2,,3.3,1.5,43.6,9.8,-0.8
2017-02-03,-3.9,9.7,,2.2,1.1,58.1,6.5,1.1
2017-02-04,2.5,11.6,0.3,3.1,1.1,59.1,0.2,4.5
2017-02-05,3.9,6.3,1.1,4.1,1.5,86.3,0,4.1
2017-02-06,-0.9,4.8,0,5.6,1.9,55,9.2,1.4
2017-02-07,-1.9,8,,4,1.3,50.9,5,1.1
2017-02-08,0.4,5.3,0,3.2,1.1,58.9,0.2,1.3
2017-02-09,-3.5,1.9,1.3,4.6,2.3,72.3,4.9,0.5
2017-02-10,-4.7,-1,3.7,3.4,1.5,82.6,2.4,-1.1
2017-02-11,-5.2,1.9,0.2,4,1.2,76.1,4.9,0.9
2017-02-12,-1.4,6.2,0,2.6,1.1,63.4,9.2,1.6
2017-02-13,-3.7,8.6,,3.4,1.3,72.5,9,2.1
2017-02-14,0,8.4,,3.4,1.5,55,9.8,2.4
2017-02-15,-2.8,13.2,,3,1,53,9.8,3.1
2017-02-16,-0.7,15.7,6.1,5.1,1.6,80.1,5.6,5.5
2017-02-17,-0.7,11.9,0.9,3.8,2.1,62.8,7.5,6.6
2017-02-18,-2.4,5.4,,4.3,1.8,44.5,10.1,0.9
2017-02-19,-3.4,12.7,0.1,7.8,2.4,54.9,5.6,3.4
2017-02-20,-2.4,12.8,8.5,6.5,2.8,68.6,6.3,5.3
2017-02-21,-4.8,10.8,,3.7,1.6,45.5,10.3,2.6
2017-02-22,3,7.9,19.7,3.5,1.5,89.6,0,4.6
2017-02-23,-1,4.9,,5.6,2.7,59.6,8.3,3.1
2017-02-24,-2.7,6.9,,4.8,1.9,48.4,10.2,2.5
2017-02-25,-0.6,10.9,0,2.8,1,48.5,10.2,4
2017-02-26,-0.6,11,,2.7,1,54.4,9,3.8
2017-02-27,-0.7,12.8,,3.2,1,51.8,10.5,5.2
2017-02-28,-1.1,14.7,,3.2,1,44.8,10.4,6.4
2017-03-01,2.3,14.6,4.3,5.8,1.7,63.4,5.9,8
2017-03-02,0.1,6.7,1.7,5.2,2.4,67,8.1,4.7
2017-03-03,-2,13,,2.7,0.9,54.3,9.8,4.9
2017-03-04,1.1,15.7,,2.9,1,55.1,10.1,7.8
2017-03-05,2.1,15.7,,2.6,1.1,58.1,5.6,8.8
2017-03-06,0,6.6,,6.1,2.6,41.6,10.8,6.7
2017-03-07,-2.4,3.9,1.5,4.1,1.8,58.6,4.4,0.8
2017-03-08,-1.2,7.1,0.3,6.3,1.7,65.5,6.2,3.2
2017-03-09,1.1,12.7,,7.3,2.5,51.4,10.7,7.2
2017-03-10,1.3,14.6,,3.3,1.1,47,10.8,8.6
2017-03-11,-0.2,18.7,,3.8,1,35.6,10.3,9.4
2017-03-12,2.4,19.1,,3.4,1.2,33.1,9.4,12
2017-03-13,4.6,15.2,,4.4,1.8,51.1,7.7,11.7
2017-03-14,2.2,10.8,,5.2,1.8,50,10.9,8.9
2017-03-15,0.3,14.3,,2.6,1.2,48.5,10.7,9.6
2017-03-16,1.3,13.9,,5.4,1.5,48.4,7.9,9.7
2017-03-17,-0.2,17.5,,4.5,1.2,44.5,10.8,11
2017-03-18,4.1,17.7,,3.9,1.2,36.4,6.2,11.4
2017-03-19,3.4,20.6,,4.4,1.3,37.5,9.7,13.2
2017-03-20,5.7,13.1,7.3,3.8,1.5,72.1,0,7.1
2017-03-21,3.9,11.4,0.5,4.1,1.8,62.5,10,9.3
2017-03-22,1.3,15.3,,2.4,0.9,54.5,5,8.8
2017-03-23,6,16.5,,3.4,1.2,41.4,7.1,11.4
2017-03-24,3.7,14.5,,2.8,1.1,54.1,1.1,9.4
2017-03-25,5.7,9.9,11.4,3.1,1.4,92.9,0.3,7.4
2017-03-26,3.1,12.1,,3.4,0.9,75.3,5.2,7.6
2017-03-27,4.4,12.2,3.2,4.1,1.4,74.3,7.4,9.5
2017-03-28,3.5,15.5,1.1,4,1.5,67,5.7,9.5
2017-03-29,5.1,10.6,1.9,4.2,2.1,93.5,0,8.2
2017-03-30,4.7,20.4,,4,1.3,64.4,10.4,12.5
2017-03-31,7.4,16.6,0,3.2,1.3,68.6,2.8,10.5
2017-04-01,6.3,15.1,,3.6,1.5,69.9,8.4,12.7
2017-04-02,3.5,16.4,,4.2,1.5,58.6,10.4,12.1
2017-04-03,3.6,21.3,,2.8,1.2,46.6,11.4,14
2017-04-04,6.4,23.9,,4.8,1.1,40.6,10.2,16.7
2017-04-05,12.5,16.2,25.9,7.4,2.4,86.8,0,13
2017-04-06,11.1,16.2,3.1,7.2,2.4,98.4,0,14.1
2017-04-07,8.9,23.9,,5.2,1.4,76.1,8.6,16.4
2017-04-08,10.7,25.8,,4.1,1.3,69.1,10.3,18.5
2017-04-09,10.1,24.9,0,6.1,1.9,68,7.2,19.3
2017-04-10,11.2,23.7,0.2,6.1,3.1,44.5,5.8,20.3
2017-04-11,8.7,18.6,11,6,2.1,69.5,8.5,15.3
2017-04-12,8.4,18.7,,5.6,2.4,23.9,10.6,14
2017-04-13,6.8,21.1,,5.2,2.1,45.8,11.2,15.5
2017-04-14,8.9,21.2,0,10.1,3.3,57.4,8.1,16.5
2017-04-15,12.3,27,0.7,3.2,1.2,67.1,10.9,21.8
2017-04-16,12.2,30.4,,4.8,1.4,56,9.2,23.1
2017-04-17,12,19,10.7,4.8,1.5,90.4,0.7,15.4
2017-04-18,10.3,22.2,0,7.3,2.4,78.3,5.1,16.5
2017-04-19,9.4,19.8,,3.6,1.5,42.9,11.9,16.9
2017-04-20,10.2,18.1,0.8,5.2,1.3,59.6,0.7,13.6
2017-04-21,8.8,20.9,,3.6,1.8,56.5,8.7,18.4
2017-04-22,8.9,21,0,2.9,1.2,57,10.6,16.6
2017-04-23,8.3,24,,4.6,1.6,60.5,12.1,20.6
2017-04-24,8.7,24.3,,6.2,2.2,51.4,11.9,21.8
2017-04-25,13.4,23.3,7.5,4.2,1.6,70.5,5.1,21.6
2017-04-26,11.2,21.4,0.7,3.8,1.9,60.5,6.5,17.6
2017-04-27,8.8,19.3,,4.9,1.8,40.8,10.7,18
2017-04-28,8,24.5,,6.7,2.4,52.3,12.2,20.2
2017-04-29,10.4,27.5,,4.8,1.7,47.4,12.2,22.8
2017-04-30,14.3,27.5,,7.1,2.9,54.9,11.5,24.2
2017-05-01,13.4,28.6,,4.8,1.8,61.9,10.8,25
2017-05-02,14.1,28,,3.6,1.3,37,8.7,24.7
2017-05-03,13.4,28.4,,5,1.6,48.5,11.7,26.8
2017-05-04,15,27.4,1,4.7,1.6,66.3,7.7,25.6
2017-05-05,16.7,22.9,10.2,3.5,1,93.1,0.1,20
2017-05-06,11,23.9,,4.2,1.7,38.9,10,20
2017-05-07,10.7,25.2,,4.6,2,61.9,12.1,21.9
2017-05-08,12.3,23.1,0,3.3,1,65.6,2.4,20.1
2017-05-09,12.8,17.3,11.8,4.9,1.7,93.3,0,14.5
2017-05-10,14.1,19.6,2.1,3.2,1.4,88.9,3.7,16.3
2017-05-11,13.8,29.3,,3.7,1.4,69.8,7.5,24
2017-05-12,16.7,22.4,0,2.9,1,81,0,19.1
2017-05-13,14.6,26.9,0,6.4,1.9,78.1,9.4,24
2017-05-14,12.1,23.2,,3.6,1.4,61.3,13,23.5
2017-05-15,11,23.3,,3.9,1.5,58.6,12.8,23.1
2017-05-16,11.5,24.9,,3.4,1.3,59.9,11.5,24.9
2017-05-17,11.5,26,,3.1,1,56.5,12.3,25.4
2017-05-18,13.2,28.2,,2.9,1,55.6,12.9,27.4
2017-05-19,14.2,31.1,,3.3,1.2,48.8,12.5,29.8
2017-05-20,14.7,28.5,,3.2,1.1,45.5,9.5,26.8
2017-05-21,15.4,28.5,,3.6,1,53.4,8.6,27.6
2017-05-22,15.4,30.1,,3.5,1.4,55.3,11.5,30.6
2017-05-23,16.8,26.9,0,3.1,1.3,62.8,4.1,28.1
2017-05-24,18.5,27.5,2.2,2.7,1.2,77.1,7.1,26
2017-05-25,13.9,29,,4.9,1.7,64,13.4,28.5
2017-05-26,12.7,21.8,,4.4,1.8,48.6,13.5,26.6
2017-05-27,10.7,27.7,,3.6,1.2,54.6,13.4,28.8
2017-05-28,15,30.3,,5.9,2.2,49.6,12.4,30.7
2017-05-29,16.7,33,,3.1,1.1,51.1,12.5,32.3
2017-05-30,16.9,30.5,,3.5,1,53,6.9,29.4
2017-05-31,19.5,25.5,2.9,5.3,1.7,79.3,2.5,25.2
2017-06-01,17,28.1,,3.8,1.5,76.5,9.2,30.4
2017-06-02,14.1,27.3,,3,1.4,49.4,13.4,29.9
2017-06-03,16.1,25.6,0,3.2,1.7,46,11.8,31.4
2017-06-04,13.7,28.9,,4.4,1.9,44.5,13.5,31.7
2017-06-05,16.3,30.8,,5.6,1.9,40.5,8.9,33.3
2017-06-06,16.3,23.2,5.5,5.5,2.1,69.6,0,20.9
2017-06-07,16.8,19.8,0.5,5,2.4,94.8,0,18.6
2017-06-08,16.1,27.7,,3.1,1.2,72.8,8.9,26.5
2017-06-09,16.1,30.3,,5,1.9,67.1,11.3,30.8
2017-06-10,19.7,27.6,,4,1.7,84.9,1.3,26.5
2017-06-11,20,30.9,0.8,3.5,1.4,69,7.8,30.6
2017-06-12,17.7,27.1,,5.4,2,55.6,8.3,29.6
2017-06-13,17.1,28,,3.5,1.5,60,5.8,27.8
2017-06-14,15.6,28.6,,3.4,1.4,60.8,13.3,30.6
2017-06-15,16.2,30.7,,3.1,1.2,58.9,13.3,32.2
2017-06-16,18.2,33.9,,4.1,1.4,56.8,12,35.5
2017-06-17,18.9,33.2,,3.4,1.2,63.6,12.7,34.9
2017-06-18,18.8,34.1,,3.4,1.3,54.3,13.2,35.3
2017-06-19,19,34.1,,3.7,1,54.5,8.1,34.1
2017-06-20,19.5,26.9,7.7,4.7,1.4,74,0,24.2
2017-06-21,19.9,29.7,,4.1,1.4,76.9,5.7,27.5
2017-06-22,20.3,32.8,,3.5,1.2,69.5,11.7,33.6
2017-06-23,20.9,33.8,1.2,5.2,1.2,72.3,7,31.1
2017-06-24,21.5,32,,4.7,1.2,74,3.6,27.6
2017-06-25,20.4,30.5,,4.3,1.4,75.3,5.6,34.2
2017-06-26,21.5,28.7,13.6,4.4,1.2,88.3,1.1,26.8
2017-06-27,20.3,29.1,0.3,4.1,1.4,82.3,2,25.8
2017-06-28,21.3,31.6,8.9,4.9,1.5,80,8,30.9
2017-06-29,22,28.4,,4.5,1.2,83.9,1.5,25.9
2017-06-30,22.5,29.2,3.6,4.3,1.2,89.9,2.7,27
2017-07-01,23.6,30,0,5.2,2.4,92.1,1,27.9
2017-07-02,25.1,29.9,13.1,7.8,2.9,92.6,1.4,27.1
2017-07-03,24.5,29.9,6.4,7.4,4.1,93.8,4.6,27.4
2017-07-04,24.8,31,1.8,4.3,2,91.9,2.3,29
2017-07-05,24.7,33.8,1.6,5.5,1.5,85.8,5.5,30.9
2017-07-06,23.9,29,16.6,5.4,1.6,95.8,0.4,28.8
2017-07-07,25,30.5,0.1,4.7,2.6,90,1,27.1
2017-07-08,23.3,30.4,45.2,3.4,1.7,96.3,0.5,26.7
2017-07-09,23.9,32.3,3.1,4.7,1.7,91.5,2.1,27.8
2017-07-10,25,29.3,5.1,6.6,3.2,94.6,0.1,27.4
2017-07-11,23.7,31.3,0.7,6.9,2.1,92.9,3.5,28.9
2017-07-12,23.5,34.2,,3.5,1.3,85.9,10.5,31.4
2017-07-13,24.4,34.3,,3.3,1.4,81.1,10,34
2017-07-14,23.7,32.7,6.8,5.7,1.6,93.6,3,28.8
2017-07-15,22.5,27.3,44.4,4.3,1.3,97.1,0.1,27.5
2017-07-16,26.1,32.4,,4.9,2.6,87,4.9,30
2017-07-17,23.6,30.7,10.8,4.2,1.7,93.8,0.8,28.6
2017-07-18,23.6,28.5,12.5,5.5,1.2,95.9,0.7,28
2017-07-19,24.8,33.7,,2.2,0.8,84.9,6.8,31.2
2017-07-20,25.3,34.5,,3.5,1.3,83.5,7.7,32.1
2017-07-21,27.4,35.4,,4.1,1.9,83.6,9.8,34.2
2017-07-22,26.5,33.5,,3.5,2,86.9,7,35
2017-07-23,26.5,32,,3.8,2.1,89.8,0.9,33.1
2017-07-24,27.3,34.4,,3.8,1.8,86.6,2,33.6
2017-07-25,26.9,33.7,1.3,3.6,1.6,88.4,5.6,33.1
2017-07-26,25.8,33,,4.1,1.7,74.1,6.4,33.5
2017-07-27,23.5,35.4,,3.5,1.4,68.6,12.7,37.3
2017-07-28,24.4,33.3,,2.3,0.9,81.9,6,33.5
2017-07-29,27,33.6,0,3.4,1.7,88.9,2.5,35.9
2017-07-30,24.1,31.2,26.2,5.7,1.3,91.8,0.7,33.7
2017-07-31,24,29.5,15.9,5.8,1.4,98.4,0,27.8
2017-08-01,23.8,34,0.5,3.4,1.1,92.1,3.6,29.1
2017-08-02,25.4,34,4.8,3.3,0.8,90.5,5.2,32.4
2017-08-03,24.8,33.5,,4.9,2,77.9,12.6,32.4
2017-08-04,25.4,35.1,,4,1.2,77.9,8.2,33.3
2017-08-05,26.7,36.9,,4.9,1.7,78.3,10.7,37.5
2017-08-06,25.7,37.3,3.1,5,1.4,79.8,10.3,36.5
2017-08-07,26.1,35,,3.7,1.2,76.9,10.3,35.9
2017-08-08,26.4,32.7,0,3.3,1.3,82,0.8,31.4
2017-08-09,25.5,32,2.8,3.9,1.5,91.4,1.2,30.2
2017-08-10,24.6,33.9,,2.6,1.2,79.6,9.6,34.2
2017-08-11,23.9,33.9,,3.9,1.2,79.4,10.6,33.2
2017-08-12,24.6,31.5,15.8,4.8,1.5,85.5,3.4,30.2
2017-08-13,21.6,26.4,12.3,3.5,1.3,92.4,0,25.2
2017-08-14,21.9,27.2,34.9,2.8,1.1,98.5,0,24.4
2017-08-15,23.1,27.3,4.5,3.7,1.5,98.6,0,25.5
2017-08-16,24.2,30.8,0.9,3.9,1.8,88.9,4.5,28.7
2017-08-17,24,30.6,0,2.5,1.2,86.8,6,27.6
2017-08-18,22.5,31,4.7,2.1,0.7,90,7.3,26
2017-08-19,23.3,29.6,0,3.5,1.4,86.9,2.1,28.3
2017-08-20,23.6,31.1,9.1,6,2.1,91,4.5,27.4
2017-08-21,23.8,29.7,89.1,6.7,1.5,98,1.1,26.5
2017-08-22,23.3,31.8,10.2,9.1,1.3,96.4,4.7,30.2
2017-08-23,25.2,33.6,,6.2,2.5,86.4,10.3,30.9
2017-08-24,27.1,32.5,0.4,6,3.5,90.4,5.4,31
2017-08-25,23.8,32.9,80.7,4.3,1.4,81,6.1,29.7
2017-08-26,20.8,30.6,,5.7,2.5,59.3,11.1,26.3
2017-08-27,19.5,31.2,,3.4,1.3,59.3,11.7,27
2017-08-28,21,29.8,,4.6,1.8,89.1,2.9,26.1
2017-08-29,19.1,28.8,6.7,4.3,2.2,66.5,11.7,27.5
2017-08-30,18.2,25.3,,4.8,2.8,58.4,2.7,22.4
2017-08-31,17.7,28.8,,5,2.2,72.1,11.1,28
2017-09-01,19.1,29.7,,3.4,1.6,63.9,11,28.1
2017-09-02,19.2,26.9,,2.6,1,75.3,4.8,27.1
2017-09-03,18.1,28.8,,3.5,1.5,66.8,9.2,27.9
2017-09-04,20.8,27.6,,3.6,1.4,72.3,4.5,26.1
2017-09-05,20.4,22.6,3.8,3.7,1.3,95.1,0,22
2017-09-06,19.5,25.3,24.5,3.3,0.9,97.9,0.4,22.8
2017-09-07,18.4,27.3,0.2,3.2,1.3,87.6,6.2,22.9
2017-09-08,18,29,,2.6,0.9,78.8,9.9,25.2
2017-09-09,19,29.8,,2.5,0.8,80.9,5.6,25.3
2017-09-10,19.7,29.5,0.1,4.6,1.4,76.5,0.6,25.9
2017-09-11,18.9,24.1,73.3,4.3,1.4,96.6,0,23.1
2017-09-12,18.4,28.9,,2.6,1.1,78.9,,24.5
2017-09-13,16.3,28.9,,6.5,2.3,65.4,10.9,23
2017-09-14,16.4,29,,3.4,1.3,72.5,11.5,25.4
2017-09-15,17.9,26.7,,5.1,3.3,65.5,4.2,23.6
2017-09-16,16.8,26.8,,5.3,3.6,70.6,5.2,23.4
2017-09-17,18.8,29.5,,4.8,2.2,73.9,8.6,26.5
2017-09-18,17.9,28.6,,3.8,1.4,79.6,9.1,26.8
2017-09-19,21,28.5,,4.9,2.5,88,3.7,25.5
2017-09-20,16.3,24.8,,3,1.4,70.4,4.3,24.7
2017-09-21,14,26.9,,2.6,0.7,74.8,8.3,22.3
2017-09-22,16.9,27.8,,2.7,1,76.9,8.8,26
2017-09-23,17.5,27.3,,1.7,0.7,85.8,4.6,25.6
2017-09-24,18.9,29.4,,2.6,1,82.3,7.6,27.1
2017-09-25,18.7,31.1,,3.3,1.5,76,8.9,29
2017-09-26,20.9,30.6,0,4.6,1.8,64.1,10.4,30.7
2017-09-27,18.4,24.3,6.9,4.8,2.4,96,0.1,21.5
2017-09-28,17.6,26,,3,1.1,70.4,8.8,23.4
2017-09-29,13.7,22.7,,3.2,1.3,54.9,8.7,21
2017-09-30,11.5,28.8,,3,0.9,52.1,10.8,22.2
2017-10-01,15.7,19.7,47.3,4.2,1.1,83,0,17
2017-10-02,19.5,24.1,9.6,4,1,96.6,1.6,21
2017-10-03,16.3,25.7,,3.1,1,75.8,7.8,21.1
2017-10-04,14.2,24.9,,2.8,1.4,76.5,7.1,21.2
2017-10-05,15,21.3,7.6,3.8,1.9,85.4,1.4,18.3
2017-10-06,14.5,18.1,8.3,4.7,1.8,99,0,17
2017-10-07,17.3,25.2,,3,1.2,85.9,6.9,22.1
2017-10-08,17.4,28.2,,2.3,0.8,82.9,9.7,23.7
2017-10-09,18.2,29.5,,2,0.7,82.3,10.4,24.1
2017-10-10,18.5,28.4,,2.5,0.8,88,7.6,23.6
2017-10-11,15,22.4,1.8,3.4,1.6,94.1,0.2,19.2
2017-10-12,10.9,15.2,7.7,4.8,2.1,94,0,13.9
2017-10-13,8.1,20.5,,5.4,2.5,61.8,9.6,15.4
2017-10-14,12,23,,5.9,2.9,47,7.5,16.3
2017-10-15,11.4,19,3.1,4.3,2,83.5,0.2,15.1
2017-10-16,14.8,20.6,0,4,2.1,75.6,1.5,15.6
2017-10-17,12.9,22.9,,2.9,1.2,76.3,3.7,16.2
2017-10-18,14.8,19.9,0,5,2.4,74.9,0.1,16
2017-10-19,13.1,22.4,,3.9,1.6,66.5,5.7,17.5
2017-10-20,11.6,24.1,,3.5,1.3,72.8,9.5,18.8
2017-10-21,12.5,24.4,,5.3,1.8,64.3,10.2,18.5
2017-10-22,12.3,24.2,,7.5,3.5,51.4,10.1,17.4
2017-10-23,10.8,20.9,,4.1,1.4,58.1,9,16.8
2017-10-24,10.7,20.9,0,3.2,1,71.6,6.7,15.7
2017-10-25,8.9,21,,2.9,0.9,78.9,9.9,15.8
2017-10-26,9.5,21.8,,2,0.6,72,5.7,14.8
2017-10-27,11.2,22,,2,0.5,71.3,5.7,16.9
2017-10-28,10.9,24.9,,2.9,0.9,73.6,8,17
2017-10-29,10.4,18.7,,4.8,2.1,68.1,8.4,15
2017-10-30,5.7,14.5,,4.4,1.9,47.9,10.1,11.7
2017-10-31,3.4,18.1,,1.9,0.8,61.5,9.1,10.4
2017-11-01,5.9,19.5,,2.1,0.7,75.4,9.5,12.6
2017-11-02,8.5,19,,1.9,0.6,87.3,4.3,14.1
2017-11-03,8.8,16.5,1.2,3,0.9,82,3.4,10.1
2017-11-04,7,14.4,,3.8,1.5,56.4,8.6,10
2017-11-05,2.9,16.7,,4.1,0.9,65.5,9.7,9.5
2017-11-06,3.2,19.2,,4.2,1,75.1,9.4,10.3
2017-11-07,10.2,21.3,,2.1,0.7,80.4,3.3,16
2017-11-08,8.7,19.9,0,4.2,1.5,69.4,8.5,15.1
2017-11-09,5.8,20,,3.3,1.3,52.9,9.5,11.5
2017-11-10,7.8,21.2,0.4,5.6,1.8,71.6,5.2,12
2017-11-11,5.6,12.8,,6.2,2.3,53.1,9.5,9.8
2017-11-12,2.9,15.7,,2.4,1,60.5,8.6,8.6
2017-11-13,4,15.2,,1.8,0.6,66.1,2.8,10.2
2017-11-14,6.8,16,,4.3,1.2,54.9,8.6,10.8
2017-11-15,4.3,12.3,0,3.9,1.3,55.6,7.1,7.9
2017-11-16,2.7,12.1,,4,1.2,53.9,9.3,8
2017-11-17,1.9,14.5,0,1.9,0.6,50.1,4.3,7.7
2017-11-18,0.3,10.8,,6.1,3.3,49.3,9.3,5.6
2017-11-19,-0.8,8,,4.9,2.1,46.9,5.9,5.3
2017-11-20,1.9,10.8,,3.1,1,54.6,8.3,6.6
2017-11-21,2,11.4,,3.9,1.2,64.3,9.1,7.1
2017-11-22,3.5,13,0,3.7,1.2,67.6,1.1,7
2017-11-23,2.3,8.5,0.5,4.6,1.6,65.8,4.9,4.1
2017-11-24,1.7,10.6,0,7.3,2,62.4,5.9,3
2017-11-25,-0.3,13.7,,6.5,1.8,72.3,7.9,4.6
2017-11-26,4,16.3,,4,0.8,74.4,7.2,6.6
2017-11-27,0.3,12.5,,3.3,1,68.6,8.8,4.8
2017-11-28,2.7,15.3,0,2.6,0.7,81.8,1.8,7.8
2017-11-29,4.8,11.9,,6.2,1.5,56,1.5,7.9
2017-11-30,-0.2,8.1,,6.7,2.8,33.8,7.7,4.4
2017-12-01,-0.8,6.8,,5.4,2.8,38.1,9.2,3.4
2017-12-02,-2.1,8.1,,1.5,0.6,58.5,3.5,1.9
2017-12-03,-0.3,13.6,,2.2,0.7,69.5,6.8,5.1
2017-12-04,-1.5,6.7,0.3,4.9,1.8,76.1,2.4,3.8
2017-12-05,-3.6,4,0,5.1,2.1,59.1,6.6,0.3
2017-12-06,-3.3,9.5,,2.5,0.9,61,7.3,2.2
2017-12-07,0.4,8.5,0.4,4.3,1,77.8,2.2,0.5
2017-12-08,-1.8,4,0,3.8,1.6,70.4,4.9,0.7
2017-12-09,-1.7,5.4,,1.6,0.4,70.1,0.3,1.1
2017-12-10,1.6,9.6,2.7,4.1,1.4,79.6,3.3,2.4
2017-12-11,-2.2,4.2,0,4.2,2,66.8,3.3,-0.6
2017-12-12,-5.5,1.1,0,4.9,3,58.8,6.9,-0.9
2017-12-13,-5,1.6,,4.5,2.3,49.3,7.9,-1.1
2017-12-14,-7.2,4.7,,4,1.1,38.6,3.6,-2.9
2017-12-15,-3.7,7.1,,3.1,0.8,46.1,5.5,-0.4
2017-12-16,-3.8,3.2,1,5.1,1.9,71.1,4.8,0.5
2017-12-17,-6,2.2,0.4,4.2,1.8,65.8,7.5,0.5
2017-12-18,-4.5,7.4,0,3.4,1.2,75.5,4.8,0
2017-12-19,-2.1,3.9,0,4.1,1.7,66.3,5.2,-0.3
2017-12-20,-3,7,0.8,2.8,1.3,65,7.9,1.5
2017-12-21,-0.5,7,0,2.9,1,71.1,7.5,3.1
2017-12-22,-2.3,9.4,,1.7,0.6,68.5,6.3,1.5
2017-12-23,-0.5,13,,2.7,0.6,75.9,7.3,3.2
2017-12-24,4.1,12.2,22.5,7.1,1.9,85.4,1,4.8
2017-12-25,0,4.6,0,3.8,2.2,54,8.7,1.6
2017-12-26,-1.2,6.4,0.2,5.2,1.7,68.4,6.4,0.1
2017-12-27,-5,2.7,,4.5,2.1,43.8,8.2,-1.7
2017-12-28,-4.4,5.7,,5.3,2.1,49.9,0.3,-2.4
2017-12-29,0.4,8.3,,2.9,0.7,70.9,0.1,1.8
2017-12-30,3.2,8,0.2,3.8,1.3,70.8,1.5,3.3
2017-12-31,1.8,7.7,0,4,1.7,58.3,6.1,2.4
2018-01-01,-1,7.1,,3.7,1.6,52.6,8.9,1.3
2018-01-02,-2.9,8.4,,3,0.9,67,4.9,-0.3
2018-01-03,-2.5,3.8,,3.3,1.7,52.6,8.9,-0.3
2018-01-04,-2.3,2.1,,2.8,1.3,54.5,0.7,-0.6
2018-01-05,-1.2,5.2,,3.8,1.3,58.9,4.3,0.7
2018-01-06,-1.3,7.2,,4.4,1.4,55.5,8.8,1.4
2018-01-07,-2.2,6.9,2.7,3.7,1,70.4,0.5,0.6
2018-01-08,2.2,5.4,2.1,3.7,1.2,91.9,0,2.3
2018-01-09,-1.9,2.9,3,4.5,2,88.4,1.4,-1.1
2018-01-10,-5,0.1,7.3,5,1.2,95.5,0.2,-1.2
2018-01-11,-8.6,-2.3,0.9,3.4,1.5,81.8,4.8,-1.3
2018-01-12,-10.2,-1.9,0,3.5,1.7,70.3,7.3,-1.4
2018-01-13,-7.2,4.7,0,1.7,0.6,77.6,6.6,-1.3
2018-01-14,-4.2,8.5,,2.6,0.7,81.8,4.5,-1.6
2018-01-15,1.3,11.4,,2.7,0.8,84.8,8.5,2.8
2018-01-16,1.8,8,16.1,4.4,1.4,98,0,2.8
2018-01-17,4.3,8.5,5.6,3.4,0.9,91.3,2.4,4.5
2018-01-18,1.2,9.9,,3,1.1,75.4,6.2,3.9
2018-01-19,-1.7,9.1,,3.5,1.2,56.6,7.5,1.4
2018-01-20,-3.2,9.7,,2.1,0.7,64.6,8.1,0.2
2018-01-21,-1.1,9.8,,2.8,0.9,62.3,6.4,1.2
2018-01-22,1.4,10.6,1.1,5.4,2.1,60.1,3.7,3.6
2018-01-23,-7.2,1.4,0,5.2,2.5,59.9,6.9,-0.8
2018-01-24,-11.2,-4.1,0,5.8,3.3,46,7.6,-5.3
2018-01-25,-10.6,-3.1,,4.7,2.6,48.3,8.2,-4.4
2018-01-26,-10.8,-3.6,,4.1,2.3,55,9.4,-5.4
2018-01-27,-11.5,3,,6.7,1.6,37.9,9.3,-3.8
2018-01-28,-3.7,3.2,0,5.3,2.2,44.5,7.3,-0.4
2018-01-29,-6.5,0.3,0,4.6,2.1,58.5,8.1,-2.4
2018-01-30,-8.6,2.6,0,4,1.4,53.5,7.3,-2.9
2018-01-31,-5,4.2,,1.9,0.6,61.1,1.7,-2.5
2018-02-01,-3.9,5.3,,3.7,1.4,47.4,9.7,-1
2018-02-02,-5,4.6,,3.4,1.2,38.8,7,-2.6
2018-02-03,-5.5,-1.3,0.1,4.8,1.8,69.3,6.1,-1.3
2018-02-04,-8.3,-3,0.7,5.1,2,73.6,4.7,-2.2
2018-02-05,-8.5,-1.7,0.2,3.6,1.8,66.3,7.6,-2.7
2018-02-06,-9.8,-2.8,0.2,4.3,1.9,67.6,9.1,-2.7
2018-02-07,-10,1.4,0.2,3.6,1.5,55.5,9.8,-1.5
2018-02-08,-7.2,7.9,,3.5,1.1,42.9,9.7,-1.3
2018-02-09,-1,9.2,,6.3,1.2,55.8,5.6,1.9
2018-02-10,-2.3,7.4,,4.8,1.7,59.9,4.5,1.9
2018-02-11,-3.8,1.3,1.8,3.6,1.5,79,4,-2.3
2018-02-12,-6.5,-0.1,2.1,5.8,1.7,78.9,1.9,-1.6
2018-02-13,-2.9,6.6,0,4.5,1.9,59.6,9.9,1.5
2018-02-14,-1,14.2,,6.4,1.6,73.9,5.3,3.1
2018-02-15,-0.1,8.7,,4.9,1.8,47,4.4,2.1
2018-02-16,-1.6,8.4,,2.6,1.3,39.9,5.9,1.3
2018-02-17,-1.8,6.5,,4.4,2.1,37.9,9.3,1.7
2018-02-18,-2.5,9.5,,4.5,1.9,26.9,3.1,1.1
2018-02-19,2,11.5,,3.8,1.6,36.4,2.6,2.7
2018-02-20,-0.8,10.8,,3.5,1.1,49.4,5.6,2.8
2018-02-21,-1.1,5.1,,4.8,2,28.6,1,0.8
2018-02-22,-3.9,9,,3.4,1.3,39.6,10,1.8
2018-02-23,0.9,12.8,,5.9,2.1,63,4.4,2.7
2018-02-24,1.7,12,,2.9,0.8,72.4,6.4,4.4
2018-02-25,2.1,12.8,,2.5,0.9,41.8,5.1,6.3
2018-02-26,-1.8,15.7,,4,1,33,10.6,5.1
2018-02-27,0.1,15.9,,2.9,0.8,49.1,9.4,5.7
2018-02-28,4,11.3,16.7,8.3,2.4,82,0,5.2
2018-03-01,-0.9,6.1,0.2,5.6,2.4,68.5,8.1,5.1
2018-03-02,-3.1,12.7,,4.3,1.7,45.1,10.4,3.6
2018-03-03,1.2,19.2,,5.2,1.7,57.8,8.3,7.9
2018-03-04,9.9,20.2,8,6.4,2.5,88.1,3.5,13.1
2018-03-05,7.2,16.3,6.9,6.3,2,90,0.6,11.3
2018-03-06,3.3,15.5,,4.1,1.9,59.5,10.7,9.3
2018-03-07,4,11.9,8,5.8,2.6,75.5,0.4,6.6
2018-03-08,1.6,6.1,14.5,4.9,2.2,90,0,3.9
2018-03-09,1.4,10,,2.8,1.2,71.3,5.1,6.2
2018-03-10,0.9,13.3,,3.3,1.1,71.4,9.1,6.4
2018-03-11,1,16.1,,2.6,1,67.3,9.1,7.6
2018-03-12,2.8,19.3,,5.1,1.6,62.1,10.5,9.1
2018-03-13,5.8,21.2,,7.2,2.1,57.3,10.4,12.9
2018-03-14,9.6,24.8,,4.9,1.9,63.8,8.6,14.1
2018-03-15,9.2,17,30.8,4.9,1.9,97.3,0,13.2
2018-03-16,6.3,11.9,0,3.2,1.3,90,0.4,9.5
2018-03-17,3.7,15.9,,2.7,1.3,71.9,11,9.6
2018-03-18,3.6,15.4,24.1,2.6,1.1,88.6,0.1,8.6
2018-03-19,8.6,14.6,15.6,7,3,96.5,0,11.4
2018-03-20,1.3,13.6,1.1,7.9,5.3,60.6,0,7.8
2018-03-21,0.5,4.6,6.6,4.6,2.5,96.1,0,2.6
2018-03-22,1.7,12.1,,3.8,1.6,67.1,10.6,6.8
2018-03-23,0.6,15.2,,3.3,1.2,63.4,10.8,7.7
2018-03-24,2,17.8,,3.5,1.1,65,9.6,9.9
2018-03-25,5.1,20.1,,3.4,1.4,75.1,10,12.6
2018-03-26,7,21.6,,3.1,1.1,74,8.6,13.5
2018-03-27,7.6,22.6,,4,1.4,63.1,9.7,14.8
2018-03-28,8.6,23.4,,4.6,1.8,70.1,11.1,16.8
2018-03-29,13.4,24.1,,2.8,1.2,71.8,4.3,17.9
2018-03-30,12.3,23.8,,3.7,1.4,63.5,8.9,18.2
2018-03-31,10.5,24.8,,3.1,1,49.8,10.1,18.4
2018-04-01,13.4,23.5,,5.6,1.8,64.3,2.5,17.7
2018-04-02,12.7,26.5,,5.2,1.8,69.1,10.5,20.4
2018-04-03,13.9,26.6,,5.1,2.1,70.9,9.6,22
2018-04-04,13.3,19.1,6.4,4.8,1.5,93.5,0,15.8
2018-04-05,11.2,14.4,13.9,4.3,1.9,94.1,0,13
2018-04-06,4.9,12.8,23.9,5.6,2.4,71.9,6.8,12
2018-04-07,1.1,9.7,0.6,4.9,2.6,55.8,7.3,6.7
2018-04-08,2.3,15.5,0,10.2,3.8,62,10.9,10.9
2018-04-09,8,21.6,,3.4,1.4,54.8,11.1,16.7
2018-04-10,9.3,24,,7.7,3.6,58.1,8.8,17.5
2018-04-11,10.9,22.6,0.5,10.6,2.3,58.9,9.3,20.1
2018-04-12,6.4,20.9,,2.5,0.9,43.9,4,13.1
2018-04-13,10.4,19.1,0,3.6,1.4,33,0.2,13.3
2018-04-14,8.1,15.1,22.1,5.1,1.8,92.5,0,10.8
2018-04-15,6.5,16.4,,3.6,1.6,67.8,10.4,12.8
2018-04-16,4.7,18.7,,3.8,1.2,61.5,8,13.1
2018-04-17,8.7,21.9,,3.4,1.2,61.9,10.6,17.2
2018-04-18,7,23,,3.1,1.3,61.9,12.1,17.7
2018-04-19,6,25.9,,3,1.1,51,12.1,18.2
2018-04-20,9.6,30.2,,4.5,1.3,51.1,11.8,21.4
2018-04-21,11.2,29.7,,4.9,1.9,58.6,11.7,22.4
2018-04-22,16.2,24.1,6.6,5.2,2.1,87.1,1.1,19.3
2018-04-23,14.4,17.6,41.8,3.7,1.3,98.1,0,15.1
2018-04-24,12.4,16.4,11,4,1.8,99,0,15.4
2018-04-25,12.1,23,0.6,4.2,1.4,68.1,9.7,18.6
2018-04-26,9.7,24.4,,4.3,1.2,63,8.5,18.9
2018-04-27,9.6,23.4,,3.2,1.2,65.5,11.3,19.3
2018-04-28,11.1,25.9,,2.8,1,59,12.2,21.2
2018-04-29,9.8,26.2,,5.7,1.6,56.4,12.1,22
2018-04-30,16.1,26,,5.5,1.9,76.1,5.6,22
2018-05-01,16,24.2,0,5.1,1.8,88.6,5,22.8
2018-05-02,10.7,20.9,3.5,4.1,1.7,91.6,0,16.8
2018-05-03,9.3,17.2,0,5.9,2.2,66.8,8,14.6
2018-05-04,7.8,21.8,,6,2.5,46.9,12.9,18.8
2018-05-05,10.1,25.7,,6.7,2.3,50,9.1,21
2018-05-06,15.6,19.1,9.5,3.9,2.1,97.6,0,16.6
2018-05-07,16.3,22.4,22.8,3.5,1.5,92.1,2,19.1
2018-05-08,14.8,23.9,,4.6,1.7,77.5,4.9,19.8
2018-05-09,13.8,22.6,,3.9,1.7,71.6,7.4,22.1
2018-05-10,12.7,24.8,,3.3,1.4,75.3,9,22.2
2018-05-11,11,24.6,,4,1.3,59.9,10.6,21.8
2018-05-12,16.3,21,26,4.9,1.9,90.6,0,18.2
2018-05-13,15.4,23.3,4.1,3.4,1.3,84.4,8.1,21.3
2018-05-14,13.3,28.5,,3.8,1.3,69,11.6,23.9
2018-05-15,16.9,31.1,0,3.6,0.3,72.9,6.7,25.9
2018-05-16,23,26.3,0,4.1,1.1,94,0.1,24.4
2018-05-17,23.3,25.7,,4.7,3.2,93.9,0,23
2018-05-18,17.7,23.8,0.5,4.2,1.6,98.6,0,20.9
2018-05-19,14.6,24.2,0,3.7,1.7,80.9,2.2,20.9
2018-05-20,11.9,25.9,,5.7,3.1,46.9,7,19.7
2018-05-21,11,24.5,,4.6,1.6,69.9,6.6,21
2018-05-22,14.9,25.6,7,4.4,1.3,81,3.8,22.8
2018-05-23,14,24.9,12,5.4,2.1,58.1,11.5,22.9
2018-05-24,10.8,28.4,,2.8,0.9,52.6,12.4,23
2018-05-25,13.4,28.1,,3.4,1,51.9,8,22.4
2018-05-26,15,30.3,,4.7,1.6,57.1,13,27
2018-05-27,16.8,27.8,,4.6,1.2,66.5,4,26.6
2018-05-28,18.3,27.3,0,5.4,1.8,77.5,5.3,25.6
2018-05-29,18.9,29.9,,3.7,1.2,79.5,7.8,30.1
2018-05-30,18.3,25.9,0,2.2,1.1,88.9,2.7,25.7
2018-05-31,16.2,26.3,,2.7,1.2,69.8,9.3,27.3
2018-06-01,15.7,31.9,,4.4,1.4,58.5,12.9,30.5
2018-06-02,17.3,32.4,,3.1,1.5,44,12.5,33.2
2018-06-03,18.5,31.4,,4.4,1.4,53.4,10.3,32.4
2018-06-04,18.2,30,0,3.9,1.2,60.5,6,30
2018-06-05,19.1,26.2,0,3.2,1.2,76.3,2.1,26.1
2018-06-06,19.8,30.6,,3.8,1.2,75.3,7.9,32.9
2018-06-07,19.1,32.6,,3.5,1.2,73.9,11.4,34.7
2018-06-08,18.3,28.1,,2.3,1.1,78.6,8.3,31.8
2018-06-09,18.2,30.5,0,3.7,1.3,74,7.8,28.9
2018-06-10,17.6,27,0.2,4,1.7,73.8,2.3,28.9
2018-06-11,18.2,23.7,7.1,3,1,89.6,0.7,22.7
2018-06-12,18.6,27.2,,2.7,1,78,6,24.8
2018-06-13,17.6,28.9,,5.2,1.9,73.9,9.1,27.8
2018-06-14,18,29.3,,5.1,2,69.6,10.5,30
2018-06-15,17.7,29.1,0,4.1,1.8,72.1,9,32.8
2018-06-16,17.8,30.5,,4.8,1.8,69.4,10.3,33.7
2018-06-17,18.7,29.1,,4,1.4,78.1,5.7,31.7
2018-06-18,20.1,32.4,,3.6,1.4,70.9,8.4,34.8
2018-06-19,19.4,25.3,14.4,3.7,1.1,88.8,0,26.4
2018-06-20,17.9,28.9,,3.3,1.5,78.6,8.8,26.6
2018-06-21,18.3,30.8,,4.1,1.3,61.6,12.1,30.7
2018-06-22,18.9,32.2,,3.9,1.4,54.9,7.3,30.3
2018-06-23,21.1,30.8,,5.2,1.9,63.5,8.4,31.9
2018-06-24,20.4,34.1,,2.5,1.1,67,12,35.9
2018-06-25,20.5,34.5,,5,1.7,58.6,9.8,32.8
2018-06-26,23.5,27.7,,5.6,3,92.8,0,26.8
2018-06-27,23,28.2,58.4,6.1,3.1,96.9,1.5,26.2
2018-06-28,21.6,25,67.6,4.4,1.7,98.9,0.1,23.6
2018-06-29,22,30,45.8,3.7,1.5,89.6,3.4,28.1
2018-06-30,20.9,26.6,28.9,3.8,1.4,97.3,0.3,24.1
2018-07-01,20.4,28,57.2,6,2.8,97.5,0.1,25.1
2018-07-02,21.5,29.3,17.2,5.9,2.1,92.4,2.5,26.8
2018-07-03,23.6,30.5,0,6,3,83.4,2.5,28.7
2018-07-04,23,31.7,0,3.2,1.3,85,9.4,31.4
2018-07-05,23.2,28.2,5.2,3.5,1.2,93.8,0.2,26.8
2018-07-06,22.2,26.4,4.9,5.1,2.6,91,0.3,25.5
2018-07-07,20.8,29.2,,4.4,1.9,75.3,6.3,27
2018-07-08,21.3,27.4,,2.9,1.1,79.1,0.9,26
2018-07-09,21.8,26.4,,4.1,1.5,91.1,0.3,23.3
2018-07-10,23.5,31,,5.6,2.7,83.1,6.7,28.2
2018-07-11,24.6,31.5,,4.9,2.2,81.8,7.4,30.8
2018-07-12,25.1,34.3,,3.6,1.8,79.6,10.4,34.7
2018-07-13,25.2,34.5,,3,1.6,83.6,8.7,34.8
2018-07-14,24.2,34.9,,3.1,1.3,82,11.1,37.2
2018-07-15,24.7,36.1,,3.6,1.2,77.3,12.4,38.3
2018-07-16,24.5,35,,3.6,1.3,79.1,10.4,38.5
2018-07-17,24.3,35.3,,3.6,1.1,77.8,10.8,38.9
2018-07-18,25.3,34.5,,2.8,1,75.1,8.9,37.7
2018-07-19,25.2,35.5,,2.8,1,73.3,10.6,36
2018-07-20,24.8,37.3,,2.9,1,71.4,12.3,40
2018-07-21,26.2,35.2,,4.1,1.2,72.1,8.1,34.8
2018-07-22,27,34.3,,5.1,2,71.6,4.5,36.2
2018-07-23,26,36.3,,4.1,1.8,75.3,7.2,35.8
2018-07-24,25.8,35.9,,4.6,2.2,74.6,12.4,39.9
2018-07-25,26.9,36.2,,4.5,2.2,73.9,11.1,39.1
2018-07-26,26,37.1,,2.4,1.1,73.6,11.6,39.1
2018-07-27,25.9,38.5,,2.5,1.2,71.6,12.3,41.3
2018-07-28,26.3,37.6,,2.9,1.1,78.6,9,41.1
2018-07-29,26.5,36.5,,5.4,1.9,67.8,12,40.9
2018-07-30,27.6,36,0,5.1,1.7,67.4,4.7,38.6
2018-07-31,25.9,37,,4.3,1.9,67.6,9.2,40.2
2018-08-01,26.2,37.8,,5.1,1.8,67.3,10.1,38.2
2018-08-02,27.1,38.3,,3.8,1.7,62.1,12.1,39.7
2018-08-03,27.4,35.2,,5.7,2.1,70.5,10.6,37.6
2018-08-04,27.1,36.6,0,3.4,1.5,76.9,7.1,36.1
2018-08-05,26.5,35.9,,3.7,1.5,75.8,10.4,37.4
2018-08-06,26.1,37.7,0,3.1,1.5,72.9,11.7,41.5
2018-08-07,28,36.6,0,5.1,1.2,82.1,3,36.3
2018-08-08,27.2,36.9,,3.1,1.3,74.4,11.5,39.6
2018-08-09,26.8,36.3,,2.6,1.2,75.3,10.3,38.8
2018-08-10,25.6,36.8,18.8,6.4,1.2,87.4,6.6,36.5
2018-08-11,24.9,34.2,,3.2,1.1,80,5.8,31.6
2018-08-12,25.1,34.1,,4.4,1.9,76,7.6,31.4
2018-08-13,27.3,35.7,,5.3,2,70.6,11.2,34.8
2018-08-14,25.8,37.7,,4.3,1.4,67.8,10.6,35.4
2018-08-15,26.4,38.5,,5.8,1.7,70.6,8.8,35.4
2018-08-16,25.4,33.4,0,6.1,2.5,76.8,4.3,34.3
2018-08-17,23.2,32.6,,7.7,3.2,58.5,9.8,33.5
2018-08-18,20.6,33.4,,4.4,2.2,59.8,12.3,33.7
2018-08-19,22.3,33.4,,4.6,1.7,66.6,10.6,34
2018-08-20,24.3,33.4,,6,2.5,69.8,7.2,32.4
2018-08-21,24.2,34.7,,3.8,2,71.1,10.6,35.5
2018-08-22,24.4,36.6,0,5.1,2.6,66,10.8,36.9
2018-08-23,24.2,29.9,57,7.9,5.1,87.1,0,26.7
2018-08-24,23.6,29.2,11.3,5.6,3.1,92.1,4.4,26.6
2018-08-25,22.7,28.3,2.5,2.6,0.8,87.4,1,26.4
2018-08-26,21.2,25.5,98.6,4.2,1.7,99,0,25.4
2018-08-27,22.8,25.5,108.5,4.9,1.2,99,0,24.5
2018-08-28,24.4,32.2,0.1,5.2,2.2,86,7.4,28.7
2018-08-29,24.2,32,0.9,4.9,2.6,83.9,9.6,28.7
2018-08-30,24,30.5,24,5.9,2.4,98.1,3,27.8
2018-08-31,22,27.1,75.4,4.5,2.1,98.3,0.6,26
2018-09-01,22.2,27.5,1,3.7,1.3,86,1.8,25.6
2018-09-02,21,27.9,,3.8,1.3,81.6,3.9,24.2
2018-09-03,22.1,29.7,12.7,5.7,2.2,92.5,2.3,26.6
2018-09-04,20.3,28.7,76.1,3.7,1.3,79.4,10,25.4
2018-09-05,19.7,29.4,,4.4,1.3,72.9,10.5,25.2
2018-09-06,20.8,26.5,1.7,3.5,1.5,84.1,0,23.2
2018-09-07,19.5,23.8,8.2,4.7,1.3,85.9,0,22
2018-09-08,16.2,25.2,,3.9,1.2,72,7,21.3
2018-09-09,15.1,27.7,,2.9,1.2,69,11.3,22.1
2018-09-10,16.5,27.7,,4.2,1.5,66.6,10.1,23.5
2018-09-11,16.5,25.2,,5.3,2.6,64.4,4.9,21.3
2018-09-12,16.1,27.9,,4.5,1.8,70.4,7.4,24.2
2018-09-13,20.5,25.5,3.9,4.1,1.7,93.1,0.3,22.8
2018-09-14,19.8,26.2,3.4,5.8,2.2,96,0.1,23.4
2018-09-15,21.5,27.3,2,2.6,0.8,96.3,1,23.9
2018-09-16,21.4,27.8,,3.3,0.9,87.3,3.3,24.2
2018-09-17,19.9,28.3,0,2.5,1.1,77,7.5,25.2
2018-09-18,17.4,28.8,,3.2,1.1,69.9,11.3,24.4
2018-09-19,18.2,24,1,2.8,0.7,82.9,0,21.6
2018-09-20,19.5,23.3,1.7,3,0.9,98,0,22.1
2018-09-21,19,22.2,18,3.4,1.1,98.6,0.6,20.9
2018-09-22,17.7,27.2,,2.1,0.7,76.3,8.3,22.1
2018-09-23,15.1,26.3,,2.9,1,74.3,4.4,18.9
2018-09-24,14.2,22.6,,3.7,1.4,68.6,3.5,18.3
2018-09-25,11.6,24.4,,4.2,1.8,59.6,10.7,19.8
2018-09-26,16.2,24.6,,5,2.7,65.6,5.6,21.4
2018-09-27,13.6,25.3,,3.3,1.6,61.5,10.5,20.5
2018-09-28,14.7,27,0,3.3,1.6,69.3,4.5,21.2
2018-09-29,16.8,24.8,,4.5,2.2,68.8,7.7,23.9
2018-09-30,16.1,25.1,,5.6,2.2,64.6,10.8,22.6
2018-10-01,14.4,22,1,4.4,1.8,66.6,6.9,21.1
2018-10-02,13.4,22.9,,3.2,1.1,70.4,9,20.1
2018-10-03,10.8,24,,3,1.2,69.6,10.8,20.4
2018-10-04,12.4,25.4,0.2,4.5,1.7,72.8,8.2,20.8
2018-10-05,15.7,19.4,63.3,8.7,4.2,99,0,18
2018-10-06,16.4,21.2,47.5,11.6,4.2,95.8,0.3,18.3
2018-10-07,13.6,23.8,,3,0.8,72.5,10.6,19.3
2018-10-08,12,20.8,,4.1,2.3,57.1,7.9,16.3
2018-10-09,13,20.3,0,3.6,1.1,66.6,0.1,16.1
2018-10-10,10.8,17.6,4.3,4.3,1.9,70,6.1,16.3
2018-10-11,8.8,16.7,,5,1.8,56.1,9.1,14
2018-10-12,7,18.8,,4.6,1.3,62.6,10.5,13.4
2018-10-13,7,20,,1.8,0.5,71.6,10.5,14.7
2018-10-14,8.3,21.4,,2.8,0.6,71.5,8.1,16.5
2018-10-15,9.8,21.5,,4,1.4,70.6,9.6,17.1
2018-10-16,12,19.2,,2.1,0.5,78.3,2.2,15.3
2018-10-17,9.2,19.9,,2.6,0.9,66.8,10,15.7
2018-10-18,7.5,18.8,,3.1,0.9,67.3,9.6,13.8
2018-10-19,8.2,20.1,,3.3,1.2,65,10.3,15.3
2018-10-20,7.2,21.1,,3.4,0.6,63.1,9.7,14.8
2018-10-21,7.7,21.5,,2.1,0.5,63.3,9.9,15.5
2018-10-22,9.3,21.1,,2.7,0.6,72,5.5,16.2
2018-10-23,10.8,18.9,0.5,1.7,0.5,90.9,4,15
2018-10-24,9.5,20.5,,2.6,1.1,70.5,10.1,15.7
2018-10-25,7.8,22.2,,2.8,0.8,66.6,9.8,15.5
2018-10-26,11.3,15.4,7,2.7,0.8,90.8,0.2,13.5
2018-10-27,9.1,15.7,0.6,5.2,1.4,75.5,5.1,11.1
2018-10-28,7.6,18.8,0.7,7.2,2.3,72.6,8.7,12.4
2018-10-29,8.7,18.4,0.1,4.4,1,80.3,6.9,11.8
2018-10-30,7.2,13.8,,4.3,1.9,62.4,8.1,10.2
2018-10-31,5.6,15,0,3.1,1,74.8,7.9,10
2018-11-01,3.7,16.4,,2.9,0.8,68,10,10
2018-11-02,4.6,19.3,,2.9,0.9,67,9.9,11.4
2018-11-03,5.2,19.5,,1.7,0.6,66.4,8.6,11.3
2018-11-04,5.7,20,,4,0.7,67.4,9.5,12.2
2018-11-05,5.8,21,,2,0.6,66,9.6,12.4
2018-11-06,7.3,20,,1.6,0.4,71,9,12.8
2018-11-07,11.3,16.6,3.2,2.5,0.7,90.8,0,13.5
2018-11-08,12.9,17.3,27.4,7.7,2.7,98.5,0,14.2
2018-11-09,9.1,16.6,0.5,3.3,1.2,79.9,5.2,13
2018-11-10,6.1,18.4,,1.9,0.5,82.9,9.3,11.4
2018-11-11,7.8,14.2,5.5,2.6,0.7,96.4,2.4,10.6
2018-11-12,6.8,14.5,0.8,5.1,1.8,71.1,8.5,11.9
2018-11-13,4.5,15.9,,2.5,0.8,70.9,9.3,9.1
2018-11-14,4.2,16.5,,2.2,0.6,74.5,9.3,9.2
2018-11-15,5.1,18.3,,2.2,0.6,76,7.7,9.7
2018-11-16,9.1,11.7,2.6,3.2,0.8,89.9,0,10.3
2018-11-17,4.7,15,,3.8,1.5,52.9,9.5,8.5
2018-11-18,4.5,10.5,,2.5,0.9,53.9,0,6.5
2018-11-19,4.2,14.4,,2.7,0.8,64.3,7.4,8
2018-11-20,3.8,14.9,,3.4,1.1,48,9.2,6.8
2018-11-21,3.9,12.7,,5,1.2,58.8,0.4,6.7
2018-11-22,3,9.9,,5.3,2.6,47.8,9.1,6.4
2018-11-23,0.4,10.8,,4.7,1.3,51.3,8,4.2
2018-11-24,3.4,11.2,7.2,4.4,0.8,82.6,2,6.7
2018-11-25,5.8,13.2,,2.6,0.7,85.3,4.3,9.4
2018-11-26,2.7,16.2,,1.5,0.3,75.4,9,7.2
2018-11-27,4.1,16.8,,2.3,0.6,80.8,8.8,8.5
2018-11-28,4.8,12.7,,4.5,1.9,45.1,6.6,6.6
2018-11-29,1.5,14.8,,3,0.8,44.5,7,5.6
2018-11-30,3.9,14.4,,2.6,0.8,61.3,7.5,6.5
2018-12-01,4.5,12.8,,4,1.3,56.8,1.2,5.8
2018-12-02,5,19.8,0,3.4,1,68.4,7.5,9
2018-12-03,12.3,17.4,10,2.6,0.6,98.9,0,13.1
2018-12-04,6.9,14.5,13.7,5,1.7,80.9,1.1,10.8
2018-12-05,0.7,10.3,,4.9,2.2,46.5,6.7,5.6
2018-12-06,1.9,6.3,4.6,5.7,2,80.3,0.4,5.5
2018-12-07,-4.4,4.7,0,5.9,3.7,54.8,5.3,2.2
2018-12-08,-5.3,1.5,0,5,3.1,50.8,7,0.8
2018-12-09,-5.3,2.8,0,4.9,3,38.9,8.1,0.1
2018-12-10,-4.9,7.4,,4.6,2.1,27,8.9,0.2
2018-12-11,-0.8,3.1,0.9,3.3,1.2,78.4,0.2,0.7
2018-12-12,-1.3,4.3,,4.6,2.5,62.8,7.7,1.4
2018-12-13,-1.3,7.1,0.1,3.5,1.6,64.1,3.8,1.1
2018-12-14,-2.3,4.4,,4.9,2.3,56.4,8.9,1.4
2018-12-15,-4.9,8.5,,2.9,0.9,46.1,8.8,0.6
2018-12-16,0.2,5.3,0.1,2.7,0.5,71.1,1,0.9
2018-12-17,-0.1,9.2,0,3.3,0.8,71.5,4.6,2.1
2018-12-18,0.4,10,,4.1,1.1,59.6,8.2,2
2018-12-19,0.6,12.3,,2,0.5,76.5,3.8,3.2
2018-12-20,5.6,12.8,,2.7,0.7,79.5,1.3,5.5
2018-12-21,3.3,13.8,,1.7,0.4,84.3,3.1,4.2
2018-12-22,3.5,15.1,0,3.3,1.2,80,7.1,6.5
2018-12-23,2.5,10.5,3,5.1,2.2,59.1,8.5,5.5
2018-12-24,-1.1,6.6,,4.1,1.9,58.9,9,1.8
2018-12-25,-1.9,6.9,,5.2,1.2,49.4,3.1,1.5
2018-12-26,0.6,7.7,0,6.5,2.1,46.8,5,3.7
2018-12-27,-5.4,0.6,0,4.9,3.1,45.3,8.7,0
2018-12-28,-7,-1.3,0,4.5,2.1,59.3,5.7,-2.5
2018-12-29,-7,0.8,0,5.8,2.3,57.6,9,-2.6
2018-12-30,-5.7,2.1,0,5.2,2.3,51,9,-0.7
2018-12-31,-7,4,,3.6,1.3,45.8,9.2,-1.4
2019-01-01,-2.3,2.4,0,4.2,1.2,65.3,1.4,-0.7
2019-01-02,-2.8,4.2,,3.4,1.7,62.4,6.8,0
2019-01-03,-3.5,6.5,,4.2,1.5,53,9.2,-0.4
2019-01-04,-4.1,3.9,,2.4,0.7,56.4,1.5,-1.5
2019-01-05,-2.1,6.9,0,3.2,1,54.4,7.9,1.7
2019-01-06,-2.8,6.3,,3.3,1.6,44.3,9,0.6
2019-01-07,-3.2,6.3,,3.9,1.5,64.1,8.3,0.2
2019-01-08,-1.3,5.1,,4.5,2.1,60.6,5.6,0.1
2019-01-09,-5.1,3.8,,4.3,1.6,33.1,4.3,-0.3
2019-01-10,-0.6,6.8,0,3.2,0.9,57,4.7,1.2
2019-01-11,-1.1,9.3,0.4,4.6,1.6,61,7.1,3.2
2019-01-12,1.8,9.7,3.5,3.3,1.5,77.6,7.1,4
2019-01-13,-0.1,8.8,,2,0.9,66.1,8.8,2
2019-01-14,-2.2,9.3,,2.6,0.9,71.8,7.2,0.8
2019-01-15,-1.9,7.2,0,3.5,1.5,70.8,5.2,1.6
2019-01-16,-5.9,2.4,0,4.9,2.2,50.9,9.2,-0.4
2019-01-17,-2.9,6.6,,3.8,1,64.4,7.4,2
2019-01-18,-3,9.2,,2.7,0.8,70.5,8.9,1.3
2019-01-19,-0.8,8.5,1.9,2.9,0.9,71.3,3.8,1.5
2019-01-20,-0.7,4.9,0.3,4.7,2.1,64.1,8.3,2.7
2019-01-21,-2.1,8,,3.4,1.3,59.5,6.9,1.7
2019-01-22,-2.2,10,,4.2,1.1,64.4,9,1.6
2019-01-23,0.6,10,,3.2,1.1,62.1,8.3,2.4
2019-01-24,-1.7,9.9,,3.1,1.2,36.5,9.4,1.6
2019-01-25,-1.9,5.8,,3.7,1.6,55.1,5.4,0.4
2019-01-26,-3.1,3.8,,5,1.9,46.4,8.9,0.7
2019-01-27,-5.3,7.7,,2.5,1,61,9.4,0.5
2019-01-28,-0.1,8.5,0,3.7,1.6,56.6,7.5,3
2019-01-29,-3.3,9.7,,5.4,1.4,42.3,9.4,1.7
2019-01-30,-0.5,10.5,0,4.7,1,46,4.2,3.7
2019-01-31,-1.7,4.6,10.3,4.4,1.8,81.9,2.6,0.3
2019-02-01,-3.9,4.8,0,3.9,1.3,67.9,5.8,0.9
2019-02-02,-2.9,9.6,0,2.7,1,71.8,5,3.1
2019-02-03,5.4,11.1,17.3,4.4,1.8,97.5,0,5.8
2019-02-04,0,8.3,,5.6,2.6,37.5,8.4,2.8
2019-02-05,-1.4,12.6,,2.4,0.8,45.5,8.7,3.9
2019-02-06,1.6,13.6,,3.8,1.3,61.9,4,3.9
2019-02-07,-3.6,6.6,0,4.1,1.9,59.1,4.9,2.8
2019-02-08,-4.4,4.7,,4.8,2.2,35,6.7,1.3
2019-02-09,-2.7,2,,4.8,2.1,47.4,8.7,1.2
2019-02-10,-4.9,3.8,,4.9,2,35.5,1.3,1
2019-02-11,-2.1,3.9,,4,2.2,51.4,9,1.9
2019-02-12,-4.3,8.1,,4.1,1.5,55.5,7.7,2.1
2019-02-13,-1.9,6.8,,6.5,2.6,45.6,9.3,2.4
2019-02-14,-1.5,9.2,,3.6,1.6,36.1,7.4,3.6
2019-02-15,-0.2,6.3,,3,0.9,56.8,0.7,3.7
2019-02-16,-1.6,2.9,0,4.7,2,59.8,5.6,3.3
2019-02-17,-2.8,6.7,,4,1.7,48.4,10,2.7
2019-02-18,-1.6,6.3,0.6,3.8,1.1,50.6,0,1.6
2019-02-19,0.9,7,18.5,2.9,1.2,95.6,0,3.9
2019-02-20,0.5,8.2,,4.3,1.5,73,6.6,3.9
2019-02-21,-1.2,10.9,,3.8,1.6,62.8,8.7,3.7
2019-02-22,0.9,11.4,,2.6,0.9,60.6,2.5,3.2
2019-02-23,0.2,15.6,,3.5,1.1,55.8,9.4,5.1
2019-02-24,1.7,15.4,,2.9,1,61,10.2,6.1
2019-02-25,1.5,13.9,,3.1,1.2,56.8,5.1,6.4
2019-02-26,0,13.8,,3.9,1.3,44,9.5,6.3
2019-02-27,4.6,13.3,0.6,3,1.1,73.6,3.1,7.2
2019-02-28,4.1,14.4,0,4,1.6,58.9,7.3,9.1
2019-03-01,1,14.3,,4.2,1.2,56.3,9.1,6.7
2019-03-02,2.1,17.1,,3.9,1.4,52,6.9,9
2019-03-03,7.9,14.4,0,3,0.9,54.9,0.9,10.2
2019-03-04,6.1,15,,3.2,1.5,55.4,7.8,10.9
2019-03-05,2.6,14.2,,2.8,0.9,60.6,1.8,8.6
2019-03-06,5.7,15.7,0,3.5,1.1,61.8,5.8,11.4
2019-03-07,3.2,12.2,,3.3,1.4,71.5,9.4,8.8
2019-03-08,-0.1,16.6,,4.4,1.2,58.1,10.7,9.4
2019-03-09,0.9,17.2,0,4.1,1.3,58.4,5.9,9.4
2019-03-10,5.4,11.2,9.9,7.6,3.4,92.9,0.2,7.9
2019-03-11,2.4,10.9,0.9,7.4,1.6,91.3,2.1,5.5
2019-03-12,1.5,12.4,0.1,7.1,2.1,75.5,2.5,7.1
2019-03-13,0.5,10,,4.7,1.7,41.3,10.7,4.8
2019-03-14,0,14.1,,4.3,1.4,50,10.8,7.9
2019-03-15,3.9,13.3,0.9,7.4,3.1,70.3,4.5,8.1
2019-03-16,3.8,13.9,0,5.6,1.9,61.5,9.6,10.7
2019-03-17,3.1,14.3,,3.6,1.2,49.4,10.9,11.3
2019-03-18,1.5,14.9,,3.6,1.3,46.1,5,9.1
2019-03-19,3.4,19.4,,2.6,0.8,61.6,10.4,12.9
2019-03-20,7.7,16.7,20.6,7.7,2.3,80.4,0,9.7
2019-03-21,4.1,15.4,0,7.8,2.6,86.9,0.4,8.9
2019-03-22,2.6,10.3,,4.5,2.1,55.8,8.6,7.5
2019-03-23,1.2,11.1,0.1,7.5,2.2,51,8.9,4.5
2019-03-24,-0.6,12.5,,4,1.4,49.1,11.2,8.5
2019-03-25,1.3,14.4,,4.5,1.5,64.4,5.2,9
2019-03-26,5,20.6,,4,1.3,59,7.4,13.2
2019-03-27,7.7,19.6,,9.1,3.6,62.1,9.8,15.7
2019-03-28,8.7,20.7,,2.9,1.3,56.6,7.8,16.5
2019-03-29,5.9,20,,2.6,1.1,43.3,9.1,16.2
2019-03-30,4,13,1.4,5.7,2,66.6,7.2,11.4
2019-03-31,3.4,9.7,,4.4,2.4,38.5,11.4,10.4
2019-04-01,2.3,12.8,,4.6,1.7,49.8,11.2,12.1
2019-04-02,3.3,14.3,,4.2,1.6,41.1,11.6,13.2
2019-04-03,2,15.4,,3.6,1.2,43.5,11.6,13.1
2019-04-04,0.9,19.2,,4.6,1.6,47.6,11.1,14.5
2019-04-05,7.1,19.6,,3.7,1.8,54.3,6,13.6
2019-04-06,4.1,22.3,,6.2,1.8,43.8,11.1,16.6
2019-04-07,11.5,14.5,8.9,2.8,0.8,95.3,0,11.2
2019-04-08,7.6,20.4,,3.1,1.1,54.3,9.8,15.7
2019-04-09,7.5,17.2,36.2,7.6,2.6,71.8,3.2,10.3
2019-04-10,6.2,10,2.5,6.9,2,92.8,0,9.1
2019-04-11,5.5,15.3,,2.8,1.2,68.4,3.2,11.2
2019-04-12,5.6,18.1,,4.2,1.3,53.3,11.2,13.6
2019-04-13,6.1,19.8,,5.3,1.4,45.1,6,14.9
2019-04-14,7.5,14.6,0.5,4,1.3,68.6,3.1,11.3
2019-04-15,4.4,20.7,,3.1,1.1,42.8,12,15.4
2019-04-16,6,23.9,,3.9,1.2,35,8,15.7
2019-04-17,12.4,20.9,,4.3,1.6,61.3,3.1,15.3
2019-04-18,9.4,23.5,,5.1,1.9,67.6,11.8,21.1
2019-04-19,14,21.1,,4.2,2.2,78.4,1.2,17.3
2019-04-20,11.6,24.6,,3.1,1.2,67.5,9.6,23.7
2019-04-21,12.4,23.2,,2.7,1,69.6,3.9,23
2019-04-22,13.4,27.9,,5,1.6,63.8,10.2,25.2
2019-04-23,15.8,19.7,1.4,4.8,1.4,82.5,0,17.1
2019-04-24,16.1,20.9,,2.8,1.1,92.6,0,18.1
2019-04-25,11.3,19,3.6,4.5,1.6,96.4,0,15.6
2019-04-26,8.1,11.3,0.4,2.4,1.1,90.9,0,10.8
2019-04-27,7.3,19.9,,8,2,69,8.7,18.1
2019-04-28,10.1,20,1.8,3.8,1.3,64,4.5,15.2
2019-04-29,10.5,13.3,29.1,5.4,2.2,90.4,0,12.3
2019-04-30,11.5,20.4,0.3,3.2,1.3,92.4,1.9,17.5
2019-05-01,10.2,21.5,,3.2,1.2,75.5,9.9,16.9
2019-05-02,8.1,24.1,,2.9,1.4,56,12.6,19.4
2019-05-03,8.5,28.9,,4,1,45.8,12.7,21.5
2019-05-04,10.7,28.2,,3.3,0.9,43.9,11.2,22.2
2019-05-05,12.4,28.3,,5.6,1.6,46.3,10.7,24.4
2019-05-06,9.6,20,,3.3,1.8,49.4,11.4,20.2
2019-05-07,6.8,22,,4.3,1.3,36.3,13,20.2
2019-05-08,7.4,22.3,,2.7,0.9,36.9,7.6,18.2
2019-05-09,10.8,25.3,,3,1.2,32.3,10.3,22.5
2019-05-10,10.3,27.9,,2.9,1.3,34.9,11.3,23.5
2019-05-11,11.8,28.2,,2.9,1.1,41.3,12.4,24.8
2019-05-12,14.5,29.2,,5.2,1.4,44.5,11.3,26.2
2019-05-13,13.8,27.9,,4.9,1.3,51.9,8.8,27.1
2019-05-14,16.2,29,0,3.5,1.1,64.8,9.8,29.9
2019-05-15,17.3,30.3,,5.5,1.6,60.4,9.9,29.4
2019-05-16,17.6,30.7,,5.2,1.7,51,12.5,29.5
2019-05-17,16.7,28.5,9.2,5.3,1.8,67.8,6.2,25.5
2019-05-18,15.9,20.5,40.1,7.2,4,89.4,0.4,18
2019-05-19,19.4,22.7,0,4.3,2.1,87,0,19.7
2019-05-20,12.5,20.9,1.6,5.4,2,64.4,7,19.3
2019-05-21,9.5,24.7,,6.5,1.6,55,13.1,20.9
2019-05-22,12.4,28.5,,4.9,2.3,53.6,13.1,24.4
2019-05-23,15.2,30.5,,4.9,1.7,62.4,12.6,27.3
2019-05-24,17,29.9,,6.2,2.4,57,12,27.8
2019-05-25,17.3,29.8,,3.6,1,61.5,6.1,26.8
2019-05-26,18.3,28.7,0.3,6.8,2.6,64.1,7.5,26.9
2019-05-27,13.5,20.3,25.6,7.1,3.2,98,0,18.9
2019-05-28,12,23,,6.2,1.3,59.1,8.5,18.8
2019-05-29,11.8,27.6,,3.6,1.2,63,13,22.6
2019-05-30,14.5,28.1,0,3.8,1.3,57.9,5.9,23
2019-05-31,13.2,24.4,2,5.5,1.7,76.4,8.5,21.8
2019-06-01,13.5,27,,4.3,1.1,68,8.8,24
2019-06-02,15.2,28.8,,2.7,1,57.6,12.5,27.3
2019-06-03,15.4,31,,5.3,1.2,52.1,12.2,28.5
2019-06-04,17.6,31.7,,4.3,1.1,59,12.3,29.9
2019-06-05,18.2,31.3,,3,1.1,65.9,12.5,31
2019-06-06,17,27.4,27.2,5.6,2.1,85.3,2,25.3
2019-06-07,17.7,20.8,5.5,5.3,1.5,97.3,0.1,20.8
2019-06-08,17.9,25,,3.9,1,85.9,2.9,23.1
2019-06-09,17.7,27.5,,4.6,1.6,79.5,6,24
2019-06-10,16.7,22.7,11.8,3.7,1.6,86.4,0.7,21.3
2019-06-11,15.7,22.8,0.9,2.1,0.8,89.3,2.7,20.4
2019-06-12,15.4,26.7,,3.8,1.2,80,7.5,22.9
2019-06-13,16.8,28,,4.2,1.3,74.9,9.5,25.6
2019-06-14,17.9,23,3.3,2.1,0.7,85.3,0,20.7
2019-06-15,16.7,25.4,,3.5,1.4,78.3,11.7,24.8
2019-06-16,16.1,26.6,,3.5,1.5,78.9,10.6,25.2
2019-06-17,17.3,28,,3.6,1.4,74.6,10.1,28.1
2019-06-18,19.2,26.9,,2.8,1.3,75.5,4.6,27.5
2019-06-19,19.9,28.8,,4.1,1.4,76.8,8.4,30.8
2019-06-20,18.5,29.6,,3.6,1.3,75.1,9.4,29
2019-06-21,19,29.8,,3.7,1.2,75,12.8,32
2019-06-22,18.6,28.2,0.8,4.3,1.3,84.4,4.2,27.7
2019-06-23,19.9,29.4,0,5.2,1.7,80,6,30.5
2019-06-24,19.1,30.1,,3.9,1.6,74.8,9.1,31.6
2019-06-25,19,31,,4.4,1.7,70.4,8.1,28.1
2019-06-26,17.6,23.4,24.8,5.8,1.6,93.9,0,22.6
2019-06-27,21.5,29.9,0.7,3.5,1.3,88,3.5,27.5
2019-06-28,20.6,29.5,,4.3,1.5,81.3,6.9,28.3
2019-06-29,20.5,23.3,83,2.8,0.9,97.9,0,23.3
2019-06-30,20.5,28.5,,2.4,1.1,88.5,1.7,26.6
2019-07-01,21.4,25.9,10.9,3.6,1,96.1,0,25.5
2019-07-02,20.6,29.6,1.1,2.5,0.9,78,9.6,27.6
2019-07-03,19.1,29,,3,1.3,79.3,5.8,25.8
2019-07-04,20.2,31.3,,2.6,1.1,75,8.5,28.4
2019-07-05,21.6,32.1,,2.5,0.8,67.3,7.5,29.3
2019-07-06,21.6,32.8,,4.1,1.4,64.6,12.7,32.4
2019-07-07,20.7,29.9,0.4,5.3,2,72.6,6,28.7
2019-07-08,20.2,28.8,0,4.5,2,75.6,6.1,28.6
2019-07-09,20.3,28.1,0,3.5,1.5,76.3,3.7,29.8
2019-07-10,20,23.8,38.8,6.3,3.1,92.8,0,22.6
2019-07-11,21.2,25.1,0,3.7,1.4,80.4,0.1,24.2
2019-07-12,20.7,28.6,,2.7,0.9,73.9,5,26.9
2019-07-13,21.1,27.9,0,2.5,0.8,82.8,2.7,25.3
2019-07-14,21.2,30.4,,2.9,1,80.4,7.5,29.7
2019-07-15,21.5,29.5,0,3.8,1.5,80.9,4.4,30.8
2019-07-16,21.2,29.8,18.5,3.1,1.1,83.9,4.9,31.6
2019-07-17,21.4,30.4,5.4,4,1.5,77.4,7.3,28.9
2019-07-18,20.4,26.6,26,4.2,1.5,92.8,0,25.5
2019-07-19,22.7,27.3,4,3.7,1.6,93.9,0,25.3
2019-07-20,22.4,26.5,36.6,7.6,3.4,96.6,0,25
2019-07-21,22.4,27.6,13,5.4,3,96.9,0.5,25.2
2019-07-22,23.5,31.8,0,4.6,1.4,90.9,5.5,29.6
2019-07-23,25.2,31.4,,5.5,2.3,84.4,7.9,30.3
2019-07-24,25.7,28.6,0,3.9,2.3,89.5,0,27.3
2019-07-25,25.9,31.1,0,4,2.3,92.5,2.4,29.7
2019-07-26,25.7,30.1,12.1,4.3,2.3,90.8,0.3,29.6
2019-07-27,25,28.5,61.6,3.5,1.5,97.5,0.1,27.6
2019-07-28,24.7,30.3,13.8,4.8,2.4,93.3,1.3,28.1
2019-07-29,25.1,31.8,,6.4,2.8,80.6,12.6,31
2019-07-30,25.9,32.4,0,7.4,3.5,85.1,8.9,31
2019-07-31,26.4,32.9,,6.3,2.9,83,9.2,33.4
2019-08-01,24.9,34.6,,4,1.4,80.3,9.2,36.7
2019-08-02,25.5,34.7,,3.7,1,78.4,8.7,36.5
2019-08-03,25.3,34.7,,4.9,1.4,75.6,8.2,35.9
2019-08-04,25.2,34.8,,4,1.2,74.8,10,37.4
2019-08-05,25.6,34.7,,2.4,0.9,78.5,7.5,34.2
2019-08-06,25.9,33,,5.3,2.2,75.1,8.6,35.4
2019-08-07,25.3,33.9,,4.8,2,80,8.2,36.9
2019-08-08,26.1,33.1,2.9,4.2,1.3,82.4,5.2,33.2
2019-08-09,24.7,33.6,,2.7,1.1,76.9,5.2,32.9
2019-08-10,25.8,34.2,,3.7,1.9,64.5,9.8,36.6
2019-08-11,25.7,31,14.2,5.4,3.1,77.6,2.9,31.9
2019-08-12,26.1,30.4,1.7,6,3.5,91,4.5,29
2019-08-13,25.6,33.8,,3.6,1.2,80,7.3,31.9
2019-08-14,26,34.7,0,4.5,2.1,77.5,10.7,35.2
2019-08-15,25.2,31.9,0,4,1.5,84,2.7,32.8
2019-08-16,24.4,29.3,0,4.5,1.8,86.9,3.6,30.6
2019-08-17,23.4,31.2,0.4,5.4,2.4,83.4,8.5,35.6
2019-08-18,22.9,31.9,,2.4,1,71.1,11.3,32.9
2019-08-19,20.8,32.2,,2.6,1.2,68.3,10.2,33.7
2019-08-20,22.7,31.6,0,3.1,1.3,74.9,5.3,31
2019-08-21,24.9,29.9,11.7,3.8,0.9,89.1,1.3,30.7
2019-08-22,24.5,31.6,24.2,3,1.1,85,5.2,29.8
2019-08-23,23.1,29.5,0,2.4,0.8,79.8,5,27.3
2019-08-24,20.3,28.9,,2.6,0.8,80.8,3.4,26.3
2019-08-25,21.3,27.1,0,2.5,0.8,84.4,2.3,26.1
2019-08-26,20.2,30.4,,5,1.9,72.3,9.9,29.5
2019-08-27,21.2,24.8,8.5,4,1.1,96.9,0,25.6
2019-08-28,22.4,27.1,1.2,2.7,0.9,91.8,0.9,26
2019-08-29,21.8,24.9,0,4.4,1.6,92.8,0,25.1
2019-08-30,20.5,28.1,,3,1.2,78.1,10.2,26.2
2019-08-31,20.1,29.1,0,3.1,1,79,6.4,26.8
2019-09-01,19.7,25,0.4,2.7,0.8,88.3,2,24.1
2019-09-02,20.2,22.4,5.5,3.8,1.7,94.3,0,22.7
2019-09-03,20.9,25.4,10.6,4.1,1,98.1,0,24.2
2019-09-04,22,27.1,6.1,4.5,1.1,95.5,0.3,25.1
2019-09-05,22.5,30.5,0.4,5.4,1.3,91.1,2.6,27.3
2019-09-06,22.1,30.3,1.4,5.3,2,90.6,0.6,26.8
2019-09-07,23.2,26.2,25.9,10.8,5.2,95.1,0.6,24.8
2019-09-08,22.5,27.2,1.4,1.7,0.3,94.4,0.8,27.1
2019-09-09,23,28.9,11.9,4.8,2.1,97.1,0.5,26.4
2019-09-10,24,30.5,,5.6,2.9,82.3,9,28.5
2019-09-11,23.7,30.6,0.3,2.5,1.1,86.3,4.1,27.7
2019-09-12,20.2,25.1,0,3.8,2.5,92.5,0,24.2
2019-09-13,19.5,29.6,,3.3,1.6,74.8,8.2,27.7
2019-09-14,19.9,29.4,,2.2,0.9,80.9,9,28.5
2019-09-15,21.4,30.1,,2.4,1.1,83.8,6.3,28.4
2019-09-16,21.6,29.5,,3.3,1.2,77.6,5.4,27.6
2019-09-17,19,29.5,,3.9,1.2,56.9,11.4,27.8
2019-09-18,17.3,28.3,,4.5,1.3,60.5,11,27.9
2019-09-19,14.1,27.1,,2.9,1.3,57.1,11.2,26.1
2019-09-20,17.1,25.2,,5.2,2,68,2.4,25.3
2019-09-21,16.6,19.5,49.7,6.8,2.7,92.1,0,19.4
2019-09-22,16.7,20.6,52.2,12.5,6.5,85.5,0,17.9
2019-09-23,16,24.9,0,3.4,1.3,73.5,10.3,22.1
2019-09-24,13.7,25.1,,4,0.9,73.8,11,21
2019-09-25,14.7,25.9,,2.3,0.7,71.4,6.4,21.2
2019-09-26,16.7,27.1,,3.6,1.4,76.6,5.8,23
2019-09-27,18.3,28.7,,2.9,1,80.5,5.8,24.2
2019-09-28,21,29.2,0,2,0.7,87.8,4.7,26.3
2019-09-29,21.2,29.2,,2.1,0.6,78.8,9.3,28.7
2019-09-30,19,28.8,,3.2,0.8,83.3,7.1,26.2
2019-10-01,19.4,22.9,52.3,4.3,1,98.3,0,21.4
2019-10-02,18.9,22.9,88.1,7.4,3.4,98.5,0,21.1
2019-10-03,19.7,27.1,0.9,4.5,1.7,89.4,6.5,24.5
2019-10-04,19.5,28.4,0.2,3.3,1.2,86.9,6.4,25
2019-10-05,15,20.3,,2.5,1.2,87.1,1,20.3
2019-10-06,15.5,23.9,,3.1,0.9,75.9,4.8,21.7
2019-10-07,15.9,18.3,6.9,3.5,1.1,93.1,0,18.4
2019-10-08,11.9,22.4,0.5,3,1.1,70.8,8.6,19.5
2019-10-09,9.3,22.1,,4,1.6,52.9,10.6,16.4
2019-10-10,10.1,23.6,,1.7,0.6,60,8.1,18.8
2019-10-11,13.6,26.7,,2.8,1.1,63.1,9.7,21.1
2019-10-12,15.8,25.9,,5.3,2.6,54,10.5,20.2
2019-10-13,13,24.6,,4,1.4,54.5,10.3,19.6
2019-10-14,11.3,21.6,,3.6,1.1,72.1,9.5,17.8
2019-10-15,9.5,19.5,,3,0.9,68.6,4.4,16.4
2019-10-16,11.2,21.6,,2.5,0.7,75,9.2,17.8
2019-10-17,12,19.7,0,3.6,0.7,75.4,2.9,16.5
2019-10-18,14,20.4,1,4.5,2.2,75.4,0.3,18.6
2019-10-19,13.7,23.3,0,2.3,0.6,82.3,9.7,20.3
2019-10-20,12.4,23.9,,2.7,0.7,75.4,9.9,19.4
2019-10-21,11.6,24,,3,0.7,67.1,9.8,18.6
2019-10-22,12.1,24.3,,2.4,0.6,69.3,9.1,20.7
2019-10-23,15.6,20,,3.8,1.5,74.9,0.1,19.4
2019-10-24,14,24.1,,3.7,1.6,72.1,5.6,19.9
2019-10-25,13.4,23.3,0,2.8,0.8,75.6,7.6,19.1
2019-10-26,11.7,16.8,0,3.9,1.6,62.5,5.2,16.8
2019-10-27,8.3,17.8,,2.7,1.2,65.4,8.8,13.7
2019-10-28,6.7,19.3,,2.9,1.2,69.9,9,15.3
2019-10-29,12,19.6,0,4.7,1.1,66.6,8.4,18.6
2019-10-30,8.9,19.3,,2.3,0.7,69.5,10.1,15
2019-10-31,7.2,21,,2.4,0.6,74.9,9.6,15.4
2019-11-01,10.9,22.9,,2.6,0.7,71.1,8.9,17.2
2019-11-02,10.1,22,,2.9,0.4,71.6,7.6,16.7
2019-11-03,12.5,21.6,,2,0.5,69.6,8,17
2019-11-04,9.8,20.9,,2.5,0.6,73.1,7,16.8
2019-11-05,10.1,20.5,,2.6,0.7,78.3,9,15.5
2019-11-06,6.9,20.2,,2.7,0.8,72.6,8.6,14
2019-11-07,8.3,17.9,,3,0.9,72.5,6.8,14.1
2019-11-08,4.9,15.3,,2.8,1.4,49.4,9.6,10.7
2019-11-09,3.8,18.6,,2.5,0.8,51.1,9.5,11
2019-11-10,6.1,17,9.8,7.7,1.5,76.9,0,12.1
2019-11-11,9.9,17.8,1,3.2,1.2,79.8,5.8,12.6
2019-11-12,7.6,18.4,,2.7,0.9,67.4,8.5,11.5
2019-11-13,6,13.9,3.5,4,1.2,80.6,0,10.6
2019-11-14,2.9,10.1,0.1,5.4,2.5,52.3,9,7.5
2019-11-15,0.8,17.3,,4.6,1.4,66.8,8.9,8.4
2019-11-16,7.4,20.2,,3.3,0.6,79.5,6.2,12.3
2019-11-17,10.8,20.1,0.7,7.5,2.6,86.3,1,14.2
2019-11-18,6.2,19.5,7.7,5.7,2,71,1.1,11.3
2019-11-19,4.3,8.7,0,3.8,1.9,62.5,3.3,6.9
2019-11-20,1.4,10.6,,5.2,2,53.8,9.5,5.5
2019-11-21,0.1,15.5,,3.7,1.2,42.5,7.9,5.8
2019-11-22,6.6,19.1,,3.4,1,58.3,7.2,9.7
2019-11-23,7.9,20.7,0,3.8,0.9,68.6,9,11.4
2019-11-24,10.7,21.8,0,3.6,1.1,76.4,5.7,14.5
2019-11-25,3.7,10.7,,4.3,2.1,59.8,0,8
2019-11-26,2.9,14.2,,2.1,0.7,69.9,3.5,9
2019-11-27,4,10.2,,6.2,1.8,63,0.9,9.6
2019-11-28,1.6,13,,3.5,1.2,60.4,8.2,6.7
2019-11-29,1.9,11.3,,3.4,1.4,46.9,9.3,4.4
2019-11-30,0.2,15.7,,3.4,0.8,51,7.5,6.2
2019-12-01,5.4,8.4,18.3,4.2,1.9,86.3,0,7.5
2019-12-02,3.1,7.3,0,5,1.7,67.3,3,5.7
2019-12-03,0.9,8.9,0.1,2.7,1.2,69.8,4.1,4.5
2019-12-04,2.3,11.2,0,2.5,0.7,65.9,8.5,4.7
2019-12-05,-1.7,5.9,0,4.4,2.1,56.6,7.9,3.1
2019-12-06,-4.9,3.7,,4.3,2.2,37.3,9.1,0.2
2019-12-07,-4,8.6,,3.7,1.3,47.8,9,1.8
2019-12-08,1.3,9.6,,3.2,1,63.6,9.1,4
2019-12-09,-1.4,11.6,,2.4,0.5,72.9,6.2,3.1
2019-12-10,3.2,15.4,,4.6,0.7,77.8,6.2,6.7
2019-12-11,5,14.7,,3.3,1.3,74.9,1.6,5.4
2019-12-12,0.8,8,,3.7,1.9,49.1,9.1,3.5
2019-12-13,-1.2,10,,2.5,0.8,45,8.7,2.1
2019-12-14,1.8,9.9,0.1,3.5,1.4,52.6,8.4,4.4
2019-12-15,1.1,15.3,,2.4,0.5,55.5,7.4,4.8
2019-12-16,6.3,16.3,,3.2,0.8,65.3,5.3,7.3
2019-12-17,7.5,10.7,2.6,2.4,0.7,88,0,7.4
2019-12-18,2.3,8,,2.7,1.5,66.4,6.1,5.4
2019-12-19,0.2,7.5,,3.1,1.7,50.8,8.4,1.9
2019-12-20,0.3,6,0,3.4,0.9,67,0.9,2.5
2019-12-21,-1,5.8,,3.6,1.3,63.1,0,1
2019-12-22,1.2,11.8,,3.4,1.2,60.6,3.8,3.9
2019-12-23,2.5,10.2,0,3.4,1.2,70.1,4.6,4.6
2019-12-24,1.6,11.6,,4.4,1.4,52.8,8,3.7
2019-12-25,-0.1,14.1,,3.3,0.8,45.1,7.8,5.1
2019-12-26,2.7,8.3,0.4,3.8,1.6,61.8,0.3,5.2
2019-12-27,0.5,6.8,0,4.4,2,53.1,5.8,2.7
2019-12-28,-1.2,9.6,,2.1,0.8,48.6,9,2.6
2019-12-29,1,6,9.8,4,1.1,78.8,0,3.3
2019-12-30,1.7,11.1,0.3,4.9,1.2,82.9,0.5,6.7
2019-12-31,-5,1.6,0,5.7,3,46.1,9.2,0.1
