item_id,timestamp,target_value
carrot,2017-01-02,27000
carrot,2017-01-03,25000
carrot,2017-01-04,25000
carrot,2017-01-05,25000
carrot,2017-01-06,25000
carrot,2017-01-09,25000
carrot,2017-01-10,25000
carrot,2017-01-11,25000
carrot,2017-01-12,27000
carrot,2017-01-13,28000
carrot,2017-01-16,28000
carrot,2017-01-17,28000
carrot,2017-01-18,28000
carrot,2017-01-19,30000
carrot,2017-01-20,28000
carrot,2017-01-23,28000
carrot,2017-01-24,28000
carrot,2017-01-25,28000
carrot,2017-01-26,28000
carrot,2017-01-30,28000
carrot,2017-02-01,28000
carrot,2017-02-02,28000
carrot,2017-02-03,28000
carrot,2017-02-06,28000
carrot,2017-02-07,30000
carrot,2017-02-08,32000
carrot,2017-02-09,34000
carrot,2017-02-12,34000
carrot,2017-02-13,34000
carrot,2017-02-14,34000
carrot,2017-02-15,35000
carrot,2017-02-16,35000
carrot,2017-02-17,32000
carrot,2017-02-20,30000
carrot,2017-02-21,27000
carrot,2017-02-22,26000
carrot,2017-02-23,26000
carrot,2017-02-24,26000
carrot,2017-02-27,26000
carrot,2017-02-28,26000
carrot,2017-03-02,26000
carrot,2017-03-03,26000
carrot,2017-03-06,26000
carrot,2017-03-07,27000
carrot,2017-03-08,27000
carrot,2017-03-09,27000
carrot,2017-03-10,27000
carrot,2017-03-13,27000
carrot,2017-03-14,27000
carrot,2017-03-15,27000
carrot,2017-03-16,25000
carrot,2017-03-17,25000
carrot,2017-03-20,25000
carrot,2017-03-21,28000
carrot,2017-03-22,28000
carrot,2017-03-23,28000
carrot,2017-03-24,26000
carrot,2017-03-27,26000
carrot,2017-03-28,26000
carrot,2017-03-29,26000
carrot,2017-03-30,26000
carrot,2017-03-31,26000
carrot,2017-04-03,26000
carrot,2017-04-04,28000
carrot,2017-04-05,30000
carrot,2017-04-06,32000
carrot,2017-04-07,32000
carrot,2017-04-10,32000
carrot,2017-04-11,32000
carrot,2017-04-12,32000
carrot,2017-04-13,32000
carrot,2017-04-14,30000
carrot,2017-04-17,30000
carrot,2017-04-18,30000
carrot,2017-04-19,30000
carrot,2017-04-20,30000
carrot,2017-04-21,30000
carrot,2017-04-24,33000
carrot,2017-04-25,35000
carrot,2017-04-26,35000
carrot,2017-04-27,35000
carrot,2017-04-28,35000
carrot,2017-05-02,43000
carrot,2017-05-04,43000
carrot,2017-05-08,43000
carrot,2017-05-10,43000
carrot,2017-05-11,40000
carrot,2017-05-12,38000
carrot,2017-05-15,38000
carrot,2017-05-16,38000
carrot,2017-05-17,36000
carrot,2017-05-18,36000
carrot,2017-05-19,36000
carrot,2017-05-22,38000
carrot,2017-05-23,36000
carrot,2017-05-24,36000
carrot,2017-05-25,36000
carrot,2017-05-26,36000
carrot,2017-05-29,36000
carrot,2017-05-30,36000
carrot,2017-05-31,36000
carrot,2017-06-01,36000
carrot,2017-06-02,36000
carrot,2017-06-05,34000
carrot,2017-06-07,34000
carrot,2017-06-08,34000
carrot,2017-06-09,34000
carrot,2017-06-12,37000
carrot,2017-06-13,38000
carrot,2017-06-14,38000
carrot,2017-06-15,38000
carrot,2017-06-16,40000
carrot,2017-06-19,40000
carrot,2017-06-20,40000
carrot,2017-06-21,40000
carrot,2017-06-22,40000
carrot,2017-06-23,40000
carrot,2017-06-26,40000
carrot,2017-06-27,42000
carrot,2017-06-28,42000
carrot,2017-06-29,42000
carrot,2017-06-30,44000
carrot,2017-07-03,44000
carrot,2017-07-04,44000
carrot,2017-07-05,42000
carrot,2017-07-06,44000
carrot,2017-07-07,44000
carrot,2017-07-10,42000
carrot,2017-07-11,42000
carrot,2017-07-12,42000
carrot,2017-07-13,42000
carrot,2017-07-14,42000
carrot,2017-07-17,42000
carrot,2017-07-18,42000
carrot,2017-07-19,42000
carrot,2017-07-20,42000
carrot,2017-07-21,40000
carrot,2017-07-24,40000
carrot,2017-07-25,40000
carrot,2017-07-26,40000
carrot,2017-07-27,40000
carrot,2017-07-28,40000
carrot,2017-07-31,42000
carrot,2017-08-01,42000
carrot,2017-08-02,42000
carrot,2017-08-03,42000
carrot,2017-08-04,42000
carrot,2017-08-07,42000
carrot,2017-08-08,45000
carrot,2017-08-09,50000
carrot,2017-08-10,50000
carrot,2017-08-11,52000
carrot,2017-08-15,54000
carrot,2017-08-16,54000
carrot,2017-08-17,54000
carrot,2017-08-18,54000
carrot,2017-08-19,56000
carrot,2017-08-22,56000
carrot,2017-08-23,60000
carrot,2017-08-24,62000
carrot,2017-08-25,65000
carrot,2017-08-26,70000
carrot,2017-08-29,70000
carrot,2017-08-30,70000
carrot,2017-08-31,72000
carrot,2017-09-01,74000
carrot,2017-09-04,72000
carrot,2017-09-05,72000
carrot,2017-09-06,70000
carrot,2017-09-07,70000
carrot,2017-09-08,70000
carrot,2017-09-11,70000
carrot,2017-09-12,70000
carrot,2017-09-13,70000
carrot,2017-09-14,72000
carrot,2017-09-15,75000
carrot,2017-09-18,77000
carrot,2017-09-19,77000
carrot,2017-09-20,80000
carrot,2017-09-21,80000
carrot,2017-09-22,82000
carrot,2017-09-25,80000
carrot,2017-09-26,74000
carrot,2017-09-27,70000
carrot,2017-09-28,68000
carrot,2017-09-29,64000
carrot,2017-10-10,60000
carrot,2017-10-11,60000
carrot,2017-10-12,58000
carrot,2017-10-13,58000
carrot,2017-10-16,58000
carrot,2017-10-17,56000
carrot,2017-10-18,58000
carrot,2017-10-19,60000
carrot,2017-10-20,62000
carrot,2017-10-23,64000
carrot,2017-10-24,66000
carrot,2017-10-25,66000
carrot,2017-10-26,64000
carrot,2017-10-27,64000
carrot,2017-10-30,64000
carrot,2017-10-31,64000
carrot,2017-11-01,66000
carrot,2017-11-02,64000
carrot,2017-11-03,64000
carrot,2017-11-06,62000
carrot,2017-11-07,64000
carrot,2017-11-08,64000
carrot,2017-11-09,64000
carrot,2017-11-10,64000
carrot,2017-11-13,62000
carrot,2017-11-14,60000
carrot,2017-11-15,60000
carrot,2017-11-16,57000
carrot,2017-11-17,55000
carrot,2017-11-20,52000
carrot,2017-11-21,52000
carrot,2017-11-22,52000
carrot,2017-11-23,50000
carrot,2017-11-24,50000
carrot,2017-11-27,52000
carrot,2017-11-28,50000
carrot,2017-11-29,47000
carrot,2017-11-30,45000
carrot,2017-12-04,42000
carrot,2017-12-05,40000
carrot,2017-12-06,40000
carrot,2017-12-07,38000
carrot,2017-12-08,38000
carrot,2017-12-11,35000
carrot,2017-12-12,35000
carrot,2017-12-13,35000
carrot,2017-12-14,38000
carrot,2017-12-15,38000
carrot,2017-12-18,35000
carrot,2017-12-19,35000
carrot,2017-12-20,37000
carrot,2017-12-21,37000
carrot,2017-12-22,35000
carrot,2017-12-26,35000
carrot,2017-12-27,35000
carrot,2017-12-28,33000
carrot,2017-12-29,30000
carrot,2018-12-10,35000
carrot,2018-12-11,35000
carrot,2018-12-12,35000
carrot,2018-12-13,38000
carrot,2018-12-14,38000
carrot,2018-12-17,35000
carrot,2018-12-18,35000
carrot,2018-12-19,37000
carrot,2018-12-20,37000
carrot,2018-12-21,35000
carrot,2018-12-24,35000
carrot,2018-12-26,35000
carrot,2018-12-27,33000
carrot,2018-12-28,30000
carrot,2018-12-29,30000
carrot,2019-01-02,30000
carrot,2019-01-03,32000
carrot,2019-01-04,30000
carrot,2019-01-07,30000
carrot,2019-01-08,30000
carrot,2019-01-09,28000
carrot,2019-01-10,28000
carrot,2019-01-11,28000
carrot,2019-01-14,28000
carrot,2019-01-15,28000
carrot,2019-01-16,30000
carrot,2019-01-17,30000
carrot,2019-01-18,28000
carrot,2019-01-21,28000
carrot,2019-01-22,28000
carrot,2019-01-23,28000
carrot,2019-01-24,28000
carrot,2019-01-25,28000
carrot,2019-01-28,28000
carrot,2019-01-29,28000
carrot,2019-01-30,30000
carrot,2019-01-31,32000
carrot,2019-02-01,32000
carrot,2019-02-07,32000
carrot,2019-02-08,28000
carrot,2019-02-11,28000
carrot,2019-02-12,26000
carrot,2019-02-13,26000
carrot,2019-02-14,26000
carrot,2019-02-15,26000
carrot,2019-02-18,28000
carrot,2019-02-19,26000
carrot,2019-02-20,26000
carrot,2019-02-21,26000
carrot,2019-02-22,26000
carrot,2019-02-25,23000
carrot,2019-02-26,23000
carrot,2019-02-27,25000
carrot,2019-02-28,26000
carrot,2019-03-04,26000
carrot,2019-03-05,24000
carrot,2019-03-06,24000
carrot,2019-03-07,24000
carrot,2019-03-08,24000
carrot,2019-03-11,24000
carrot,2019-03-12,24000
carrot,2019-03-13,24000
carrot,2019-03-14,22000
carrot,2019-03-15,22000
carrot,2019-03-18,22000
carrot,2019-03-19,24000
carrot,2019-03-20,22000
carrot,2019-03-21,22000
carrot,2019-03-22,24000
carrot,2019-03-25,25000
carrot,2019-03-26,25000
carrot,2019-03-27,27000
carrot,2019-03-28,27000
carrot,2019-03-29,27000
carrot,2019-04-01,27000
carrot,2019-04-02,25000
carrot,2019-04-03,25000
carrot,2019-04-04,25000
carrot,2019-04-05,27000
carrot,2019-04-08,27000
carrot,2019-04-09,28000
carrot,2019-04-10,25000
carrot,2019-04-11,25000
carrot,2019-04-12,25000
carrot,2019-04-13,27000
carrot,2019-04-16,27000
carrot,2019-04-17,27000
carrot,2019-04-18,27000
carrot,2019-04-19,29000
carrot,2019-04-22,35000
carrot,2019-04-23,38000
carrot,2019-04-24,40000
carrot,2019-04-25,40000
carrot,2019-04-26,40000
carrot,2019-04-29,38000
carrot,2019-04-30,36000
carrot,2019-05-02,34000
carrot,2019-05-03,32000
carrot,2019-05-07,32000
carrot,2019-05-08,28000
carrot,2019-05-09,28000
carrot,2019-05-10,28000
carrot,2019-05-13,28000
carrot,2019-05-14,28000
carrot,2019-05-15,28000
carrot,2019-05-16,28000
carrot,2019-05-17,30000
carrot,2019-05-20,30000
carrot,2019-05-21,30000
carrot,2019-05-22,30000
carrot,2019-05-23,30000
carrot,2019-05-24,30000
carrot,2019-05-27,32000
carrot,2019-05-28,30000
carrot,2019-05-29,30000
carrot,2019-05-30,30000
carrot,2019-05-31,30000
carrot,2019-06-01,28000
carrot,2019-06-02,28000
carrot,2019-06-05,28000
carrot,2019-06-07,30000
carrot,2019-06-10,30000
carrot,2019-06-11,30000
carrot,2019-06-12,32000
carrot,2019-06-13,33000
carrot,2019-06-14,33000
carrot,2019-06-17,33000
carrot,2019-06-18,33000
carrot,2019-06-19,31000
carrot,2019-06-20,30000
carrot,2019-06-21,30000
carrot,2019-06-24,30000
carrot,2019-06-25,32000
carrot,2019-06-26,30000
carrot,2019-06-27,30000
carrot,2019-06-28,30000
carrot,2019-07-01,30000
carrot,2019-07-02,30000
carrot,2019-07-03,30000
carrot,2019-07-04,30000
carrot,2019-07-05,30000
carrot,2019-07-08,28000
carrot,2019-07-09,28000
carrot,2019-07-10,28000
carrot,2019-07-11,28000
carrot,2019-07-12,28000
carrot,2019-07-15,28000
carrot,2019-07-16,28000
carrot,2019-07-17,28000
carrot,2019-07-18,26000
carrot,2019-07-19,26000
carrot,2019-07-22,28000
carrot,2019-07-23,26000
carrot,2019-07-24,26000
carrot,2019-07-25,26000
carrot,2019-07-26,26000
carrot,2019-07-29,28000
carrot,2019-07-30,28000
carrot,2019-07-31,28000
carrot,2019-08-01,28000
carrot,2019-08-02,30000
carrot,2019-08-05,28000
carrot,2019-08-06,26000
carrot,2019-08-07,26000
carrot,2019-08-08,26000
carrot,2019-08-09,26000
carrot,2019-08-10,28000
carrot,2019-08-13,28000
carrot,2019-08-14,28000
carrot,2019-08-15,30000
carrot,2019-08-16,32000
carrot,2019-08-17,32000
carrot,2019-08-21,32000
carrot,2019-08-22,34000
carrot,2019-08-23,34000
carrot,2019-08-26,34000
carrot,2019-08-27,34000
carrot,2019-08-28,32000
carrot,2019-08-29,30000
carrot,2019-08-30,30000
carrot,2019-09-02,32000
carrot,2019-09-03,34000
carrot,2019-09-04,38000
carrot,2019-09-05,42000
carrot,2019-09-05,40000
carrot,2019-09-06,42000
carrot,2019-09-09,42000
carrot,2019-09-10,42000
carrot,2019-09-11,44000
carrot,2019-09-16,38000
carrot,2019-09-17,38000
carrot,2019-09-18,36000
carrot,2019-09-19,34000
carrot,2019-09-20,34000
carrot,2019-09-23,38000
carrot,2019-09-24,38000
carrot,2019-09-26,40000
carrot,2019-09-27,38000
carrot,2019-09-30,40000
carrot,2019-10-01,40000
carrot,2019-10-02,40000
carrot,2019-10-04,43000
carrot,2019-10-07,46000
carrot,2019-10-08,50000
carrot,2019-10-10,50000
carrot,2019-10-11,50000
carrot,2019-10-14,54000
carrot,2019-10-15,56000
carrot,2019-10-16,56000
carrot,2019-10-17,56000
carrot,2019-10-18,56000
carrot,2019-10-21,60000
carrot,2019-10-22,60000
carrot,2019-10-23,60000
carrot,2019-10-24,60000
carrot,2019-10-25,60000
carrot,2019-10-28,58000
carrot,2019-10-29,58000
carrot,2019-10-30,60000
carrot,2019-10-31,58000
carrot,2019-11-01,58000
carrot,2019-11-04,58000
carrot,2019-11-05,58000
carrot,2019-11-06,54000
carrot,2019-11-07,54000
carrot,2019-11-08,54000
carrot,2019-11-11,56000
carrot,2019-11-12,56000
carrot,2019-11-13,56000
carrot,2019-11-14,56000
carrot,2019-11-15,52000
carrot,2019-11-18,54000
carrot,2019-11-19,54000
carrot,2019-11-20,52000
carrot,2019-11-21,50000
carrot,2019-11-22,50000
carrot,2019-11-25,50000
carrot,2019-11-26,50000
carrot,2019-11-27,50000
carrot,2019-11-28,50000
carrot,2019-11-29,50000
carrot,2019-12-02,48000
carrot,2019-12-03,48000
carrot,2019-12-04,48000
carrot,2019-12-05,48000
carrot,2019-12-09,48000
carrot,2019-12-10,48000
carrot,2019-12-11,48000
carrot,2019-12-12,48000
carrot,2019-12-13,45000
carrot,2019-12-16,45000
carrot,2019-12-17,45000
carrot,2019-12-18,45000
carrot,2019-12-19,45000
carrot,2019-12-20,45000
carrot,2019-12-23,45000
carrot,2019-12-24,45000
carrot,2019-12-25,45000
carrot,2019-12-26,45000
carrot,2019-12-30,45000
carrot,2019-12-31,45000
cucumber,2017-01-02,96000
cucumber,2017-01-03,90000
cucumber,2017-01-04,90000
cucumber,2017-01-05,90000
cucumber,2017-01-06,90000
cucumber,2017-01-09,80000
cucumber,2017-01-10,80000
cucumber,2017-01-11,80000
cucumber,2017-01-12,74000
cucumber,2017-01-13,68000
cucumber,2017-01-16,60000
cucumber,2017-01-17,60000
cucumber,2017-01-18,60000
cucumber,2017-01-19,60000
cucumber,2017-01-20,60000
cucumber,2017-01-23,86000
cucumber,2017-01-24,80000
cucumber,2017-01-25,84000
cucumber,2017-01-26,90000
cucumber,2017-01-30,90000
cucumber,2017-02-01,60000
cucumber,2017-02-02,60000
cucumber,2017-02-03,56000
cucumber,2017-02-06,54000
cucumber,2017-02-07,54000
cucumber,2017-02-08,54000
cucumber,2017-02-09,54000
cucumber,2017-02-12,60000
cucumber,2017-02-13,60000
cucumber,2017-02-14,54000
cucumber,2017-02-15,56000
cucumber,2017-02-16,60000
cucumber,2017-02-17,60000
cucumber,2017-02-20,60000
cucumber,2017-02-21,60000
cucumber,2017-02-22,60000
cucumber,2017-02-23,60000
cucumber,2017-02-24,56000
cucumber,2017-02-27,52000
cucumber,2017-02-28,54000
cucumber,2017-03-02,54000
cucumber,2017-03-03,54000
cucumber,2017-03-06,52000
cucumber,2017-03-07,52000
cucumber,2017-03-08,48000
cucumber,2017-03-09,44000
cucumber,2017-03-10,44000
cucumber,2017-03-13,44000
cucumber,2017-03-14,44000
cucumber,2017-03-15,44000
cucumber,2017-03-16,44000
cucumber,2017-03-17,40000
cucumber,2017-03-20,60000
cucumber,2017-03-21,44000
cucumber,2017-03-22,40000
cucumber,2017-03-23,40000
cucumber,2017-03-24,42000
cucumber,2017-03-27,40000
cucumber,2017-03-28,40000
cucumber,2017-03-29,42000
cucumber,2017-03-30,40000
cucumber,2017-03-31,40000
cucumber,2017-04-03,36000
cucumber,2017-04-04,36000
cucumber,2017-04-05,40000
cucumber,2017-04-06,36000
cucumber,2017-04-07,34000
cucumber,2017-04-10,30000
cucumber,2017-04-11,30000
cucumber,2017-04-12,28000
cucumber,2017-04-13,26000
cucumber,2017-04-14,30000
cucumber,2017-04-17,28000
cucumber,2017-04-18,28000
cucumber,2017-04-19,26000
cucumber,2017-04-20,26000
cucumber,2017-04-21,26000
cucumber,2017-04-24,24000
cucumber,2017-04-25,28000
cucumber,2017-04-26,26000
cucumber,2017-04-27,26000
cucumber,2017-04-28,26000
cucumber,2017-05-02,24000
cucumber,2017-05-04,20000
cucumber,2017-05-08,26000
cucumber,2017-05-10,22000
cucumber,2017-05-11,24000
cucumber,2017-05-12,26000
cucumber,2017-05-15,24000
cucumber,2017-05-16,28000
cucumber,2017-05-17,28000
cucumber,2017-05-18,28000
cucumber,2017-05-19,26000
cucumber,2017-05-22,24000
cucumber,2017-05-23,24000
cucumber,2017-05-24,24000
cucumber,2017-05-25,20000
cucumber,2017-05-26,20000
cucumber,2017-05-29,20000
cucumber,2017-05-30,20000
cucumber,2017-05-31,20000
cucumber,2017-06-01,20000
cucumber,2017-06-02,20000
cucumber,2017-06-05,20000
cucumber,2017-06-07,20000
cucumber,2017-06-08,24000
cucumber,2017-06-09,28000
cucumber,2017-06-12,28000
cucumber,2017-06-13,28000
cucumber,2017-06-14,26000
cucumber,2017-06-15,22000
cucumber,2017-06-16,24000
cucumber,2017-06-19,24000
cucumber,2017-06-20,24000
cucumber,2017-06-21,24000
cucumber,2017-06-22,24000
cucumber,2017-06-23,26000
cucumber,2017-06-26,26000
cucumber,2017-06-27,28000
cucumber,2017-06-28,30000
cucumber,2017-06-29,32000
cucumber,2017-06-30,32000
cucumber,2017-07-03,40000
cucumber,2017-07-04,48000
cucumber,2017-07-05,50000
cucumber,2017-07-06,50000
cucumber,2017-07-07,54000
cucumber,2017-07-10,70000
cucumber,2017-07-11,76000
cucumber,2017-07-12,76000
cucumber,2017-07-13,80000
cucumber,2017-07-14,80000
cucumber,2017-07-17,112000
cucumber,2017-07-18,96000
cucumber,2017-07-19,76000
cucumber,2017-07-20,76000
cucumber,2017-07-21,76000
cucumber,2017-07-24,72000
cucumber,2017-07-25,72000
cucumber,2017-07-26,72000
cucumber,2017-07-27,72000
cucumber,2017-07-28,88000
cucumber,2017-07-31,116000
cucumber,2017-08-01,96000
cucumber,2017-08-02,96000
cucumber,2017-08-03,100000
cucumber,2017-08-04,90000
cucumber,2017-08-07,60000
cucumber,2017-08-08,60000
cucumber,2017-08-09,70000
cucumber,2017-08-10,70000
cucumber,2017-08-11,70000
cucumber,2017-08-15,70000
cucumber,2017-08-16,70000
cucumber,2017-08-17,84000
cucumber,2017-08-18,84000
cucumber,2017-08-19,84000
cucumber,2017-08-22,80000
cucumber,2017-08-23,80000
cucumber,2017-08-24,76000
cucumber,2017-08-25,80000
cucumber,2017-08-26,86000
cucumber,2017-08-29,94000
cucumber,2017-08-30,100000
cucumber,2017-08-31,100000
cucumber,2017-09-01,106000
cucumber,2017-09-04,90000
cucumber,2017-09-05,84000
cucumber,2017-09-06,66000
cucumber,2017-09-07,56000
cucumber,2017-09-08,56000
cucumber,2017-09-11,50000
cucumber,2017-09-12,50000
cucumber,2017-09-13,50000
cucumber,2017-09-14,50000
cucumber,2017-09-15,50000
cucumber,2017-09-18,46000
cucumber,2017-09-19,46000
cucumber,2017-09-20,42000
cucumber,2017-09-21,40000
cucumber,2017-09-22,44000
cucumber,2017-09-25,40000
cucumber,2017-09-26,40000
cucumber,2017-09-27,36000
cucumber,2017-09-28,32000
cucumber,2017-09-29,32000
cucumber,2017-10-10,38000
cucumber,2017-10-11,38000
cucumber,2017-10-12,38000
cucumber,2017-10-13,32000
cucumber,2017-10-16,32000
cucumber,2017-10-17,36000
cucumber,2017-10-18,40000
cucumber,2017-10-19,40000
cucumber,2017-10-20,48000
cucumber,2017-10-23,60000
cucumber,2017-10-24,60000
cucumber,2017-10-25,50000
cucumber,2017-10-26,44000
cucumber,2017-10-27,40000
cucumber,2017-10-30,34000
cucumber,2017-10-31,30000
cucumber,2017-11-01,30000
cucumber,2017-11-02,30000
cucumber,2017-11-03,30000
cucumber,2017-11-06,30000
cucumber,2017-11-07,32000
cucumber,2017-11-08,32000
cucumber,2017-11-09,34000
cucumber,2017-11-10,34000
cucumber,2017-11-13,34000
cucumber,2017-11-14,40000
cucumber,2017-11-15,36000
cucumber,2017-11-16,36000
cucumber,2017-11-17,36000
cucumber,2017-11-20,42000
cucumber,2017-11-21,48000
cucumber,2017-11-22,46000
cucumber,2017-11-23,46000
cucumber,2017-11-24,46000
cucumber,2017-11-27,52000
cucumber,2017-11-28,52000
cucumber,2017-11-29,52000
cucumber,2017-11-30,52000
cucumber,2017-12-04,46000
cucumber,2017-12-05,46000
cucumber,2017-12-06,46000
cucumber,2017-12-07,40000
cucumber,2017-12-08,44000
cucumber,2017-12-11,44000
cucumber,2017-12-12,44000
cucumber,2017-12-13,44000
cucumber,2017-12-14,44000
cucumber,2017-12-15,44000
cucumber,2017-12-18,50000
cucumber,2017-12-19,50000
cucumber,2017-12-20,46000
cucumber,2017-12-21,46000
cucumber,2017-12-22,46000
cucumber,2017-12-26,46000
cucumber,2017-12-27,46000
cucumber,2017-12-28,46000
cucumber,2017-12-29,54000
cucumber,2018-01-02,54000
cucumber,2018-01-02,54000
cucumber,2018-01-03,50000
cucumber,2018-01-03,50000
cucumber,2018-01-04,54000
cucumber,2018-01-04,54000
cucumber,2018-01-07,56000
cucumber,2018-01-07,56000
cucumber,2018-01-08,64000
cucumber,2018-01-08,64000
cucumber,2018-01-09,60000
cucumber,2018-01-09,60000
cucumber,2018-01-10,60000
cucumber,2018-01-10,60000
cucumber,2018-01-11,60000
cucumber,2018-01-11,60000
cucumber,2018-01-12,60000
cucumber,2018-01-12,60000
cucumber,2018-01-15,60000
cucumber,2018-01-15,60000
cucumber,2018-01-16,60000
cucumber,2018-01-16,60000
cucumber,2018-01-17,63000
cucumber,2018-01-17,63000
cucumber,2018-01-18,66000
cucumber,2018-01-18,66000
cucumber,2018-01-19,68000
cucumber,2018-01-19,68000
cucumber,2018-01-22,70000
cucumber,2018-01-22,70000
cucumber,2018-01-23,73000
cucumber,2018-01-23,73000
cucumber,2018-01-24,73000
cucumber,2018-01-24,73000
cucumber,2018-01-25,55000
cucumber,2018-01-25,55000
cucumber,2018-01-26,53000
cucumber,2018-01-26,53000
cucumber,2018-01-29,53000
cucumber,2018-01-29,53000
cucumber,2018-01-30,53000
cucumber,2018-01-30,53000
cucumber,2018-01-31,55000
cucumber,2018-01-31,55000
cucumber,2018-02-01,55000
cucumber,2018-02-01,55000
cucumber,2018-02-02,55000
cucumber,2018-02-02,55000
cucumber,2018-02-05,60000
cucumber,2018-02-05,60000
cucumber,2018-02-06,65000
cucumber,2018-02-06,65000
cucumber,2018-02-07,65000
cucumber,2018-02-07,65000
cucumber,2018-02-08,65000
cucumber,2018-02-08,65000
cucumber,2018-02-09,60000
cucumber,2018-02-09,60000
cucumber,2018-02-12,65000
cucumber,2018-02-12,65000
cucumber,2018-02-13,70000
cucumber,2018-02-13,70000
cucumber,2018-02-14,65000
cucumber,2018-02-14,65000
cucumber,2018-02-19,53000
cucumber,2018-02-19,53000
cucumber,2018-02-20,50000
cucumber,2018-02-20,50000
cucumber,2018-02-21,43000
cucumber,2018-02-21,43000
cucumber,2018-02-22,40000
cucumber,2018-02-22,40000
cucumber,2018-02-23,40000
cucumber,2018-02-23,40000
cucumber,2018-02-26,44000
cucumber,2018-02-26,44000
cucumber,2018-02-27,45000
cucumber,2018-02-27,45000
cucumber,2018-02-28,43000
cucumber,2018-02-28,43000
cucumber,2018-03-02,53000
cucumber,2018-03-02,53000
cucumber,2018-03-05,53000
cucumber,2018-03-05,53000
cucumber,2018-03-06,45000
cucumber,2018-03-06,45000
cucumber,2018-03-07,45000
cucumber,2018-03-07,45000
cucumber,2018-03-08,45000
cucumber,2018-03-08,45000
cucumber,2018-03-09,50000
cucumber,2018-03-09,50000
cucumber,2018-03-12,48000
cucumber,2018-03-12,48000
cucumber,2018-03-13,53000
cucumber,2018-03-13,53000
cucumber,2018-03-14,55000
cucumber,2018-03-14,55000
cucumber,2018-03-15,58000
cucumber,2018-03-15,58000
cucumber,2018-03-16,55000
cucumber,2018-03-16,55000
cucumber,2018-03-19,50000
cucumber,2018-03-19,50000
cucumber,2018-03-20,52000
cucumber,2018-03-20,52000
cucumber,2018-03-21,52000
cucumber,2018-03-21,52000
cucumber,2018-03-22,55000
cucumber,2018-03-22,55000
cucumber,2018-03-23,55000
cucumber,2018-03-23,55000
cucumber,2018-03-26,55000
cucumber,2018-03-26,55000
cucumber,2018-03-27,55000
cucumber,2018-03-27,55000
cucumber,2018-03-28,55000
cucumber,2018-03-28,55000
cucumber,2018-03-29,52000
cucumber,2018-03-29,52000
cucumber,2018-03-30,50000
cucumber,2018-03-30,50000
cucumber,2018-04-02,36000
cucumber,2018-04-02,36000
cucumber,2018-04-03,32000
cucumber,2018-04-03,32000
cucumber,2018-04-04,32000
cucumber,2018-04-04,32000
cucumber,2018-04-05,32000
cucumber,2018-04-05,32000
cucumber,2018-04-06,38000
cucumber,2018-04-06,38000
cucumber,2018-04-09,42000
cucumber,2018-04-09,42000
cucumber,2018-04-10,42000
cucumber,2018-04-10,42000
cucumber,2018-04-11,40000
cucumber,2018-04-11,40000
cucumber,2018-04-12,40000
cucumber,2018-04-12,40000
cucumber,2018-04-13,42000
cucumber,2018-04-13,42000
cucumber,2018-04-16,38000
cucumber,2018-04-16,38000
cucumber,2018-04-17,36000
cucumber,2018-04-17,36000
cucumber,2018-04-18,33000
cucumber,2018-04-18,33000
cucumber,2018-04-19,36000
cucumber,2018-04-19,36000
cucumber,2018-04-20,36000
cucumber,2018-04-20,36000
cucumber,2018-04-23,26000
cucumber,2018-04-23,26000
cucumber,2018-04-24,26000
cucumber,2018-04-24,26000
cucumber,2018-04-25,25000
cucumber,2018-04-25,25000
cucumber,2018-04-26,28000
cucumber,2018-04-26,28000
cucumber,2018-04-27,30000
cucumber,2018-04-27,30000
cucumber,2018-04-30,30000
cucumber,2018-04-30,30000
cucumber,2018-05-02,25000
cucumber,2018-05-02,25000
cucumber,2018-05-03,27000
cucumber,2018-05-03,27000
cucumber,2018-05-04,30000
cucumber,2018-05-04,30000
cucumber,2018-05-08,27000
cucumber,2018-05-08,27000
cucumber,2018-05-09,27000
cucumber,2018-05-09,27000
cucumber,2018-05-10,28000
cucumber,2018-05-10,28000
cucumber,2018-05-11,28000
cucumber,2018-05-11,28000
cucumber,2018-05-12,28000
cucumber,2018-05-12,28000
cucumber,2018-05-15,30000
cucumber,2018-05-15,30000
cucumber,2018-05-16,28000
cucumber,2018-05-16,28000
cucumber,2018-05-17,27000
cucumber,2018-05-17,27000
cucumber,2018-05-18,25000
cucumber,2018-05-18,25000
cucumber,2018-05-22,30000
cucumber,2018-05-22,30000
cucumber,2018-05-23,40000
cucumber,2018-05-23,40000
cucumber,2018-05-24,55000
cucumber,2018-05-24,55000
cucumber,2018-05-25,90000
cucumber,2018-05-25,90000
cucumber,2018-05-28,45000
cucumber,2018-05-28,45000
cucumber,2018-05-29,45000
cucumber,2018-05-29,45000
cucumber,2018-05-30,45000
cucumber,2018-05-30,45000
cucumber,2018-05-31,30000
cucumber,2018-05-31,30000
cucumber,2018-06-01,23000
cucumber,2018-06-01,23000
cucumber,2018-06-04,25000
cucumber,2018-06-04,25000
cucumber,2018-06-05,31000
cucumber,2018-06-05,31000
cucumber,2018-06-07,28000
cucumber,2018-06-07,28000
cucumber,2018-06-08,26000
cucumber,2018-06-08,26000
cucumber,2018-06-11,24000
cucumber,2018-06-11,24000
cucumber,2018-06-12,26000
cucumber,2018-06-12,26000
cucumber,2018-06-14,28000
cucumber,2018-06-14,28000
cucumber,2018-06-17,30000
cucumber,2018-06-17,30000
cucumber,2018-06-18,34000
cucumber,2018-06-18,34000
cucumber,2018-06-19,30000
cucumber,2018-06-19,30000
cucumber,2018-06-20,27000
cucumber,2018-06-20,27000
cucumber,2018-06-21,25000
cucumber,2018-06-21,25000
cucumber,2018-06-22,28000
cucumber,2018-06-22,28000
cucumber,2018-06-25,25000
cucumber,2018-06-25,25000
cucumber,2018-06-26,30000
cucumber,2018-06-26,30000
cucumber,2018-06-27,35000
cucumber,2018-06-27,35000
cucumber,2018-06-28,30000
cucumber,2018-06-28,30000
cucumber,2018-06-29,30000
cucumber,2018-06-29,30000
cucumber,2018-07-02,34000
cucumber,2018-07-02,34000
cucumber,2018-07-03,36000
cucumber,2018-07-03,36000
cucumber,2018-07-04,40000
cucumber,2018-07-04,40000
cucumber,2018-07-05,47000
cucumber,2018-07-05,47000
cucumber,2018-07-06,57000
cucumber,2018-07-06,57000
cucumber,2018-07-09,60000
cucumber,2018-07-09,60000
cucumber,2018-07-10,63000
cucumber,2018-07-10,63000
cucumber,2018-07-11,58000
cucumber,2018-07-11,58000
cucumber,2018-07-12,53000
cucumber,2018-07-12,53000
cucumber,2018-07-13,50000
cucumber,2018-07-13,50000
cucumber,2018-07-16,38000
cucumber,2018-07-16,38000
cucumber,2018-07-17,40000
cucumber,2018-07-17,40000
cucumber,2018-07-18,50000
cucumber,2018-07-18,50000
cucumber,2018-07-19,50000
cucumber,2018-07-19,50000
cucumber,2018-07-20,50000
cucumber,2018-07-20,50000
cucumber,2018-07-23,40000
cucumber,2018-07-23,40000
cucumber,2018-07-24,43000
cucumber,2018-07-24,43000
cucumber,2018-07-25,43000
cucumber,2018-07-25,43000
cucumber,2018-07-26,36000
cucumber,2018-07-26,36000
cucumber,2018-07-27,38000
cucumber,2018-07-27,38000
cucumber,2018-07-30,40000
cucumber,2018-07-30,40000
cucumber,2018-07-31,40000
cucumber,2018-07-31,40000
cucumber,2018-08-01,40000
cucumber,2018-08-01,40000
cucumber,2018-08-02,50000
cucumber,2018-08-02,50000
cucumber,2018-08-03,70000
cucumber,2018-08-03,70000
cucumber,2018-08-06,50000
cucumber,2018-08-06,50000
cucumber,2018-08-07,55000
cucumber,2018-08-07,55000
cucumber,2018-08-08,75000
cucumber,2018-08-08,75000
cucumber,2018-08-09,78000
cucumber,2018-08-09,78000
cucumber,2018-08-10,75000
cucumber,2018-08-10,75000
cucumber,2018-08-13,75000
cucumber,2018-08-13,75000
cucumber,2018-08-14,78000
cucumber,2018-08-14,78000
cucumber,2018-08-16,65000
cucumber,2018-08-16,65000
cucumber,2018-08-17,63000
cucumber,2018-08-17,63000
cucumber,2018-08-20,75000
cucumber,2018-08-20,75000
cucumber,2018-08-21,70000
cucumber,2018-08-21,70000
cucumber,2018-08-22,70000
cucumber,2018-08-22,70000
cucumber,2018-08-23,80000
cucumber,2018-08-23,80000
cucumber,2018-08-24,85000
cucumber,2018-08-24,85000
cucumber,2018-08-27,65000
cucumber,2018-08-27,65000
cucumber,2018-08-28,65000
cucumber,2018-08-28,65000
cucumber,2018-08-29,62000
cucumber,2018-08-29,62000
cucumber,2018-08-30,62000
cucumber,2018-08-30,62000
cucumber,2018-08-31,75000
cucumber,2018-08-31,75000
cucumber,2018-09-03,90000
cucumber,2018-09-03,90000
cucumber,2018-09-04,93000
cucumber,2018-09-04,93000
cucumber,2018-09-05,80000
cucumber,2018-09-05,80000
cucumber,2018-09-06,75000
cucumber,2018-09-06,75000
cucumber,2018-09-07,75000
cucumber,2018-09-07,75000
cucumber,2018-09-10,66000
cucumber,2018-09-10,66000
cucumber,2018-09-11,70000
cucumber,2018-09-11,70000
cucumber,2018-09-12,62000
cucumber,2018-09-12,62000
cucumber,2018-09-13,62000
cucumber,2018-09-13,62000
cucumber,2018-09-14,68000
cucumber,2018-09-14,68000
cucumber,2018-09-17,55000
cucumber,2018-09-17,55000
cucumber,2018-09-18,55000
cucumber,2018-09-18,55000
cucumber,2018-09-19,52000
cucumber,2018-09-19,52000
cucumber,2018-09-20,56000
cucumber,2018-09-20,56000
cucumber,2018-09-21,52000
cucumber,2018-09-21,52000
cucumber,2018-09-27,48000
cucumber,2018-09-27,48000
cucumber,2018-09-28,58000
cucumber,2018-09-28,58000
cucumber,2018-10-01,60000
cucumber,2018-10-01,60000
cucumber,2018-10-02,57000
cucumber,2018-10-02,57000
cucumber,2018-10-04,48000
cucumber,2018-10-04,48000
cucumber,2018-10-05,45000
cucumber,2018-10-05,45000
cucumber,2018-10-08,40000
cucumber,2018-10-08,40000
cucumber,2018-10-10,35000
cucumber,2018-10-10,35000
cucumber,2018-10-11,35000
cucumber,2018-10-11,35000
cucumber,2018-10-12,35000
cucumber,2018-10-12,35000
cucumber,2018-10-15,35000
cucumber,2018-10-15,35000
cucumber,2018-10-16,42000
cucumber,2018-10-16,42000
cucumber,2018-10-17,40000
cucumber,2018-10-17,40000
cucumber,2018-10-18,42000
cucumber,2018-10-18,42000
cucumber,2018-10-19,46000
cucumber,2018-10-19,46000
cucumber,2018-10-22,42000
cucumber,2018-10-22,42000
cucumber,2018-10-23,42000
cucumber,2018-10-23,42000
cucumber,2018-10-24,42000
cucumber,2018-10-24,42000
cucumber,2018-10-25,38000
cucumber,2018-10-25,38000
cucumber,2018-10-26,35000
cucumber,2018-10-26,35000
cucumber,2018-10-29,32000
cucumber,2018-10-29,32000
cucumber,2018-10-30,35000
cucumber,2018-10-30,35000
cucumber,2018-10-31,38000
cucumber,2018-10-31,38000
cucumber,2018-11-01,35000
cucumber,2018-11-01,35000
cucumber,2018-11-02,35000
cucumber,2018-11-02,35000
cucumber,2018-11-05,32000
cucumber,2018-11-05,32000
cucumber,2018-11-06,35000
cucumber,2018-11-06,35000
cucumber,2018-11-07,35000
cucumber,2018-11-07,35000
cucumber,2018-11-08,33000
cucumber,2018-11-08,33000
cucumber,2018-11-09,33000
cucumber,2018-11-09,33000
cucumber,2018-11-12,38000
cucumber,2018-11-12,38000
cucumber,2018-11-13,45000
cucumber,2018-11-13,45000
cucumber,2018-11-14,45000
cucumber,2018-11-14,45000
cucumber,2018-11-15,48000
cucumber,2018-11-15,48000
cucumber,2018-11-16,48000
cucumber,2018-11-16,48000
cucumber,2018-11-19,43000
cucumber,2018-11-19,43000
cucumber,2018-11-20,43000
cucumber,2018-11-20,43000
cucumber,2018-11-21,43000
cucumber,2018-11-21,43000
cucumber,2018-11-22,46000
cucumber,2018-11-22,46000
cucumber,2018-11-23,50000
cucumber,2018-11-23,50000
cucumber,2018-11-26,55000
cucumber,2018-11-26,55000
cucumber,2018-11-27,55000
cucumber,2018-11-27,55000
cucumber,2018-11-28,57000
cucumber,2018-11-28,57000
cucumber,2018-11-29,60000
cucumber,2018-11-29,60000
cucumber,2018-11-30,62000
cucumber,2018-11-30,62000
cucumber,2018-12-03,62000
cucumber,2018-12-03,62000
cucumber,2018-12-04,60000
cucumber,2018-12-04,60000
cucumber,2018-12-05,60000
cucumber,2018-12-05,60000
cucumber,2018-12-06,50000
cucumber,2018-12-06,50000
cucumber,2018-12-10,45000
cucumber,2018-12-10,45000
cucumber,2018-12-11,45000
cucumber,2018-12-11,45000
cucumber,2018-12-12,45000
cucumber,2018-12-12,45000
cucumber,2018-12-13,50000
cucumber,2018-12-13,50000
cucumber,2018-12-14,56000
cucumber,2018-12-14,56000
cucumber,2018-12-17,60000
cucumber,2018-12-17,60000
cucumber,2018-12-18,63000
cucumber,2018-12-18,63000
cucumber,2018-12-19,65000
cucumber,2018-12-19,65000
cucumber,2018-12-20,65000
cucumber,2018-12-20,65000
cucumber,2018-12-21,65000
cucumber,2018-12-21,65000
cucumber,2018-12-24,65000
cucumber,2018-12-24,65000
cucumber,2018-12-26,60000
cucumber,2018-12-26,60000
cucumber,2018-12-27,60000
cucumber,2018-12-27,60000
cucumber,2018-12-28,50000
cucumber,2018-12-28,50000
cucumber,2018-12-29,50000
cucumber,2018-12-29,50000
onion,2017-01-02,22000
onion,2017-01-03,23000
onion,2017-01-04,24000
onion,2017-01-05,25000
onion,2017-01-06,25000
onion,2017-01-09,26000
onion,2017-01-10,26000
onion,2017-01-11,26000
onion,2017-01-12,26000
onion,2017-01-13,24000
onion,2017-01-16,24000
onion,2017-01-17,26000
onion,2017-01-18,26000
onion,2017-01-19,26000
onion,2017-01-20,26000
onion,2017-01-23,26000
onion,2017-01-24,26000
onion,2017-01-25,26000
onion,2017-01-26,26000
onion,2017-01-30,26000
onion,2017-02-01,26000
onion,2017-02-02,28000
onion,2017-02-03,28000
onion,2017-02-06,28000
onion,2017-02-07,28000
onion,2017-02-08,28000
onion,2017-02-09,28000
onion,2017-02-12,28000
onion,2017-02-13,28000
onion,2017-02-14,28000
onion,2017-02-15,28000
onion,2017-02-16,26000
onion,2017-02-17,26000
onion,2017-02-20,26000
onion,2017-02-21,26000
onion,2017-02-22,28000
onion,2017-02-23,28000
onion,2017-02-24,28000
onion,2017-02-27,28000
onion,2017-02-28,28000
onion,2017-03-02,28000
onion,2017-03-03,28000
onion,2017-03-06,28000
onion,2017-03-07,28000
onion,2017-03-08,28000
onion,2017-03-09,28000
onion,2017-03-10,28000
onion,2017-03-13,28000
onion,2017-03-14,28000
onion,2017-03-15,28000
onion,2017-03-16,28000
onion,2017-03-17,28000
onion,2017-03-20,28000
onion,2017-03-21,28000
onion,2017-03-22,28000
onion,2017-03-23,29000
onion,2017-03-24,30000
onion,2017-03-27,32000
onion,2017-03-28,34000
onion,2017-03-29,36000
onion,2017-03-30,36000
onion,2017-03-31,36000
onion,2017-04-03,32000
onion,2017-04-04,32000
onion,2017-04-05,30500
onion,2017-04-06,30500
onion,2017-04-07,28000
onion,2017-04-10,26000
onion,2017-04-11,26000
onion,2017-04-12,25000
onion,2017-04-13,25000
onion,2017-04-14,24000
onion,2017-04-17,21000
onion,2017-04-18,21000
onion,2017-04-19,20500
onion,2017-04-20,20500
onion,2017-04-21,20000
onion,2017-04-24,18000
onion,2017-04-25,18000
onion,2017-04-26,18000
onion,2017-04-27,18000
onion,2017-04-28,18000
onion,2017-05-02,17000
onion,2017-05-04,16000
onion,2017-05-08,18000
onion,2017-05-10,24000
onion,2017-05-11,26000
onion,2017-05-12,25000
onion,2017-05-15,21000
onion,2017-05-16,20000
onion,2017-05-17,20000
onion,2017-05-18,20000
onion,2017-05-19,20000
onion,2017-05-22,20000
onion,2017-05-23,20000
onion,2017-05-24,20000
onion,2017-05-25,20000
onion,2017-05-26,20000
onion,2017-05-29,18000
onion,2017-05-30,18000
onion,2017-05-31,20000
onion,2017-06-01,20000
onion,2017-06-02,20000
onion,2017-06-05,20000
onion,2017-06-07,22000
onion,2017-06-08,24000
onion,2017-06-09,22000
onion,2017-06-12,22000
onion,2017-06-13,22000
onion,2017-06-14,22000
onion,2017-06-15,21000
onion,2017-06-16,20000
onion,2017-06-19,20000
onion,2017-06-20,20000
onion,2017-06-21,20000
onion,2017-06-22,20000
onion,2017-06-23,20000
onion,2017-06-26,22000
onion,2017-06-27,22000
onion,2017-06-28,22000
onion,2017-06-29,22000
onion,2017-06-30,22000
onion,2017-07-03,22000
onion,2017-07-04,24000
onion,2017-07-05,24000
onion,2017-07-06,22000
onion,2017-07-07,22000
onion,2017-07-10,23000
onion,2017-07-11,23000
onion,2017-07-12,23000
onion,2017-07-13,23000
onion,2017-07-14,23000
onion,2017-07-17,23000
onion,2017-07-18,24000
onion,2017-07-19,24000
onion,2017-07-20,24000
onion,2017-07-21,24000
onion,2017-07-24,24000
onion,2017-07-25,24000
onion,2017-07-26,24000
onion,2017-07-27,24000
onion,2017-07-28,24000
onion,2017-07-31,24000
onion,2017-08-01,24000
onion,2017-08-02,24000
onion,2017-08-03,24000
onion,2017-08-04,24000
onion,2017-08-07,24000
onion,2017-08-08,24000
onion,2017-08-09,24000
onion,2017-08-10,24000
onion,2017-08-11,24000
onion,2017-08-15,24000
onion,2017-08-16,26000
onion,2017-08-17,26000
onion,2017-08-18,26000
onion,2017-08-19,26000
onion,2017-08-22,26000
onion,2017-08-23,26000
onion,2017-08-24,26000
onion,2017-08-25,26000
onion,2017-08-26,26000
onion,2017-08-29,26000
onion,2017-08-30,26000
onion,2017-08-31,26000
onion,2017-09-01,26000
onion,2017-09-04,26000
onion,2017-09-05,26000
onion,2017-09-06,26000
onion,2017-09-07,26000
onion,2017-09-08,26000
onion,2017-09-11,26000
onion,2017-09-12,26000
onion,2017-09-13,26000
onion,2017-09-14,26000
onion,2017-09-15,26000
onion,2017-09-18,25000
onion,2017-09-19,25000
onion,2017-09-20,25000
onion,2017-09-21,25000
onion,2017-09-22,24000
onion,2017-09-25,25000
onion,2017-09-26,25000
onion,2017-09-27,25000
onion,2017-09-28,24000
onion,2017-09-29,24000
onion,2017-10-10,21000
onion,2017-10-11,21000
onion,2017-10-12,24000
onion,2017-10-13,24000
onion,2017-10-16,24000
onion,2017-10-17,24000
onion,2017-10-18,26000
onion,2017-10-19,26000
onion,2017-10-20,26000
onion,2017-10-23,26000
onion,2017-10-24,26000
onion,2017-10-25,26000
onion,2017-10-26,25000
onion,2017-10-27,25000
onion,2017-10-30,25000
onion,2017-10-31,25000
onion,2017-11-01,25000
onion,2017-11-02,25000
onion,2017-11-03,25000
onion,2017-11-06,26000
onion,2017-11-07,26000
onion,2017-11-08,26000
onion,2017-11-09,26000
onion,2017-11-10,26000
onion,2017-11-13,26000
onion,2017-11-14,24000
onion,2017-11-15,24000
onion,2017-11-16,24000
onion,2017-11-17,24000
onion,2017-11-20,26000
onion,2017-11-21,26000
onion,2017-11-22,26000
onion,2017-11-23,26000
onion,2017-11-24,26000
onion,2017-11-27,26000
onion,2017-11-28,26000
onion,2017-11-29,26000
onion,2017-11-30,26000
onion,2017-12-04,26000
onion,2017-12-05,25000
onion,2017-12-06,25000
onion,2017-12-07,25000
onion,2017-12-08,25000
onion,2017-12-11,25000
onion,2017-12-12,25000
onion,2017-12-13,25000
onion,2017-12-14,25000
onion,2017-12-15,25000
onion,2017-12-18,25000
onion,2017-12-19,25000
onion,2017-12-20,25000
onion,2017-12-21,25000
onion,2017-12-22,25000
onion,2017-12-26,24000
onion,2017-12-27,24000
onion,2017-12-28,24000
onion,2017-12-29,24000
onion,2018-01-02,24000
onion,2018-01-03,24000
onion,2018-01-04,24000
onion,2018-01-07,24000
onion,2018-01-08,24000
onion,2018-01-09,24000
onion,2018-01-10,24000
onion,2018-01-11,24000
onion,2018-01-12,24000
onion,2018-01-15,24000
onion,2018-01-16,24000
onion,2018-01-17,24000
onion,2018-01-18,24000
onion,2018-01-19,24000
onion,2018-01-22,23000
onion,2018-01-23,23000
onion,2018-01-24,23000
onion,2018-01-25,23000
onion,2018-01-26,25000
onion,2018-01-29,25000
onion,2018-01-30,25000
onion,2018-01-31,25000
onion,2018-02-01,25000
onion,2018-02-02,25000
onion,2018-02-05,24000
onion,2018-02-06,24000
onion,2018-02-07,24000
onion,2018-02-08,24000
onion,2018-02-09,24000
onion,2018-02-12,22000
onion,2018-02-13,22000
onion,2018-02-14,24000
onion,2018-02-19,24000
onion,2018-02-20,24000
onion,2018-02-21,24000
onion,2018-02-22,22000
onion,2018-02-23,22000
onion,2018-02-26,22000
onion,2018-02-27,22000
onion,2018-02-28,20000
onion,2018-03-02,18000
onion,2018-03-05,18000
onion,2018-03-06,18000
onion,2018-03-07,18000
onion,2018-03-08,18000
onion,2018-03-09,16000
onion,2018-03-12,16000
onion,2018-03-13,16000
onion,2018-03-14,16000
onion,2018-03-15,16000
onion,2018-03-16,16000
onion,2018-03-19,16000
onion,2018-03-20,16000
onion,2018-03-21,16000
onion,2018-03-22,16000
onion,2018-03-23,16000
onion,2018-03-26,16000
onion,2018-03-27,14000
onion,2018-03-28,14000
onion,2018-03-29,14000
onion,2018-03-30,14000
onion,2018-04-02,14000
onion,2018-04-03,14000
onion,2018-04-04,14000
onion,2018-04-05,12000
onion,2018-04-06,12000
onion,2018-04-09,12000
onion,2018-04-10,12000
onion,2018-04-11,16000
onion,2018-04-12,16000
onion,2018-04-13,16000
onion,2018-04-16,15000
onion,2018-04-17,14500
onion,2018-04-18,15000
onion,2018-04-19,15000
onion,2018-04-20,18000
onion,2018-04-23,18000
onion,2018-04-24,20000
onion,2018-04-25,22000
onion,2018-04-26,22000
onion,2018-04-27,22000
onion,2018-04-30,22000
onion,2018-05-02,22000
onion,2018-05-03,22000
onion,2018-05-04,22000
onion,2018-05-08,18000
onion,2018-05-09,16000
onion,2018-05-10,16000
onion,2018-05-11,16000
onion,2018-05-12,14000
onion,2018-05-15,14000
onion,2018-05-16,14000
onion,2018-05-17,14000
onion,2018-05-18,14000
onion,2018-05-22,12000
onion,2018-05-23,14000
onion,2018-05-24,14000
onion,2018-05-25,13000
onion,2018-05-28,12000
onion,2018-05-29,12000
onion,2018-05-30,12000
onion,2018-05-31,12000
onion,2018-06-01,12000
onion,2018-06-04,12000
onion,2018-06-05,12000
onion,2018-06-07,14000
onion,2018-06-08,14000
onion,2018-06-11,14000
onion,2018-06-12,16000
onion,2018-06-14,16000
onion,2018-06-17,15000
onion,2018-06-18,15000
onion,2018-06-19,15000
onion,2018-06-20,14000
onion,2018-06-21,14000
onion,2018-06-22,14000
onion,2018-06-25,13000
onion,2018-06-26,13000
onion,2018-06-27,14000
onion,2018-06-28,14000
onion,2018-06-29,14000
onion,2018-07-02,14000
onion,2018-07-03,14000
onion,2018-07-04,14000
onion,2018-07-05,14000
onion,2018-07-06,14000
onion,2018-07-09,14000
onion,2018-07-10,14000
onion,2018-07-11,14000
onion,2018-07-12,14000
onion,2018-07-13,14000
onion,2018-07-16,14000
onion,2018-07-17,14000
onion,2018-07-18,14000
onion,2018-07-19,14000
onion,2018-07-20,14000
onion,2018-07-23,14000
onion,2018-07-24,13000
onion,2018-07-25,13000
onion,2018-07-26,13000
onion,2018-07-27,13000
onion,2018-07-30,13000
onion,2018-07-31,13000
onion,2018-08-01,13000
onion,2018-08-02,13000
onion,2018-08-03,13000
onion,2018-08-06,16000
onion,2018-08-07,16000
onion,2018-08-08,16000
onion,2018-08-09,16000
onion,2018-08-10,16000
onion,2018-08-13,16000
onion,2018-08-14,16000
onion,2018-08-16,16000
onion,2018-08-17,16000
onion,2018-08-20,16000
onion,2018-08-21,16000
onion,2018-08-22,16000
onion,2018-08-23,16000
onion,2018-08-24,16000
onion,2018-08-27,16000
onion,2018-08-28,16000
onion,2018-08-29,16000
onion,2018-08-30,16000
onion,2018-08-31,14000
onion,2018-09-03,16000
onion,2018-09-04,16000
onion,2018-09-05,16000
onion,2018-09-06,16000
onion,2018-09-07,16000
onion,2018-09-10,16000
onion,2018-09-11,16000
onion,2018-09-12,16000
onion,2018-09-13,16000
onion,2018-09-14,16000
onion,2018-09-17,16000
onion,2018-09-18,16000
onion,2018-09-19,14000
onion,2018-09-20,14000
onion,2018-09-21,14000
onion,2018-09-27,14000
onion,2018-09-28,14000
onion,2018-10-01,14000
onion,2018-10-02,14000
onion,2018-10-04,14000
onion,2018-10-05,14000
onion,2018-10-08,14000
onion,2018-10-10,14000
onion,2018-10-11,14000
onion,2018-10-12,14000
onion,2018-10-15,14000
onion,2018-10-16,14000
onion,2018-10-17,14000
onion,2018-10-18,14000
onion,2018-10-19,14000
onion,2018-10-22,14000
onion,2018-10-23,13000
onion,2018-10-24,13000
onion,2018-10-25,12000
onion,2018-10-26,12000
onion,2018-10-29,12000
onion,2018-10-30,12000
onion,2018-10-31,12000
onion,2018-11-01,13000
onion,2018-11-02,13000
onion,2018-11-05,13000
onion,2018-11-06,15000
onion,2018-11-07,15000
onion,2018-11-08,15000
onion,2018-11-09,14000
onion,2018-11-12,14000
onion,2018-11-13,14000
onion,2018-11-14,14000
onion,2018-11-15,14000
onion,2018-11-16,13000
onion,2018-11-19,13000
onion,2018-11-20,14000
onion,2018-11-21,14000
onion,2018-11-22,14000
onion,2018-11-23,13000
onion,2018-11-26,13000
onion,2018-11-27,13000
onion,2018-11-28,13000
onion,2018-11-29,13000
onion,2018-11-30,13000
onion,2018-12-03,13000
onion,2018-12-04,13000
onion,2018-12-05,13000
onion,2018-12-06,13000
onion,2018-12-10,13000
onion,2018-12-11,13000
onion,2018-12-12,13000
onion,2018-12-13,13000
onion,2018-12-14,13000
onion,2018-12-17,13000
onion,2018-12-18,13000
onion,2018-12-19,13000
onion,2018-12-20,12000
onion,2018-12-21,12000
onion,2018-12-24,12000
onion,2018-12-26,12000
onion,2018-12-27,12000
onion,2018-12-28,12000
onion,2018-12-29,12000
onion,2019-01-02,24000
onion,2019-01-03,24000
onion,2019-01-04,24000
onion,2019-01-07,24000
onion,2019-01-08,24000
onion,2019-01-09,24000
onion,2019-01-10,24000
onion,2019-01-11,24000
onion,2019-01-14,24000
onion,2019-01-15,24000
onion,2019-01-16,24000
onion,2019-01-17,24000
onion,2019-01-18,24000
onion,2019-01-21,24000
onion,2019-01-22,23000
onion,2019-01-23,23000
onion,2019-01-24,23000
onion,2019-01-25,23000
onion,2019-01-28,25000
onion,2019-01-29,25000
onion,2019-01-30,25000
onion,2019-01-31,25000
onion,2019-02-01,25000
onion,2019-02-07,25000
onion,2019-02-08,24000
onion,2019-02-11,24000
onion,2019-02-12,24000
onion,2019-02-13,24000
onion,2019-02-14,24000
onion,2019-02-15,22000
onion,2019-02-18,22000
onion,2019-02-19,24000
onion,2019-02-20,24000
onion,2019-02-21,24000
onion,2019-02-22,24000
onion,2019-02-25,22000
onion,2019-02-26,22000
onion,2019-02-27,22000
onion,2019-02-28,22000
onion,2019-03-04,20000
onion,2019-03-05,18000
onion,2019-03-06,18000
onion,2019-03-07,18000
onion,2019-03-08,18000
onion,2019-03-11,18000
onion,2019-03-12,16000
onion,2019-03-13,16000
onion,2019-03-14,16000
onion,2019-03-15,16000
onion,2019-03-18,16000
onion,2019-03-19,16000
onion,2019-03-20,16000
onion,2019-03-21,16000
onion,2019-03-22,16000
onion,2019-03-25,16000
onion,2019-03-26,16000
onion,2019-03-27,16000
onion,2019-03-28,14000
onion,2019-03-29,14000
onion,2019-04-01,14000
onion,2019-04-02,14000
onion,2019-04-03,14000
onion,2019-04-04,14000
onion,2019-04-05,14000
onion,2019-04-08,12000
onion,2019-04-09,12000
onion,2019-04-10,12000
onion,2019-04-11,12000
onion,2019-04-12,16000
onion,2019-04-13,16000
onion,2019-04-16,16000
onion,2019-04-17,15000
onion,2019-04-18,14500
onion,2019-04-19,15000
onion,2019-04-22,15000
onion,2019-04-23,18000
onion,2019-04-24,18000
onion,2019-04-25,20000
onion,2019-04-26,22000
onion,2019-04-29,22000
onion,2019-04-30,22000
onion,2019-05-02,22000
onion,2019-05-03,22000
onion,2019-05-07,22000
onion,2019-05-08,22000
onion,2019-05-09,18000
onion,2019-05-10,16000
onion,2019-05-13,16000
onion,2019-05-14,16000
onion,2019-05-15,14000
onion,2019-05-16,14000
onion,2019-05-17,14000
onion,2019-05-20,14000
onion,2019-05-21,14000
onion,2019-05-22,12000
onion,2019-05-23,14000
onion,2019-05-24,14000
onion,2019-05-27,13000
onion,2019-05-28,12000
onion,2019-05-29,12000
onion,2019-05-30,12000
onion,2019-05-31,12000
onion,2019-06-01,12000
onion,2019-06-02,12000
onion,2019-06-05,12000
onion,2019-06-07,14000
onion,2019-06-10,14000
onion,2019-06-11,14000
onion,2019-06-12,16000
onion,2019-06-13,16000
onion,2019-06-14,15000
onion,2019-06-17,15000
onion,2019-06-18,15000
onion,2019-06-19,14000
onion,2019-06-20,14000
onion,2019-06-21,14000
onion,2019-06-24,13000
onion,2019-06-25,13000
onion,2019-06-26,14000
onion,2019-06-27,14000
onion,2019-06-28,14000
onion,2019-07-01,14000
onion,2019-07-02,14000
onion,2019-07-03,14000
onion,2019-07-04,14000
onion,2019-07-05,14000
onion,2019-07-08,14000
onion,2019-07-09,14000
onion,2019-07-10,14000
onion,2019-07-11,14000
onion,2019-07-12,14000
onion,2019-07-15,14000
onion,2019-07-16,14000
onion,2019-07-17,14000
onion,2019-07-18,14000
onion,2019-07-19,14000
onion,2019-07-22,14000
onion,2019-07-23,13000
onion,2019-07-24,13000
onion,2019-07-25,13000
onion,2019-07-26,13000
onion,2019-07-29,13000
onion,2019-07-30,13000
onion,2019-07-31,13000
onion,2019-08-01,13000
onion,2019-08-02,13000
onion,2019-08-05,16000
onion,2019-08-06,16000
onion,2019-08-07,16000
onion,2019-08-08,16000
onion,2019-08-09,16000
onion,2019-08-10,16000
onion,2019-08-13,16000
onion,2019-08-14,16000
onion,2019-08-15,16000
onion,2019-08-16,16000
onion,2019-08-17,16000
onion,2019-08-21,16000
onion,2019-08-22,16000
onion,2019-08-23,16000
onion,2019-08-26,16000
onion,2019-08-27,16000
onion,2019-08-28,16000
onion,2019-08-29,16000
onion,2019-08-30,14000
onion,2019-09-02,16000
onion,2019-09-03,16000
onion,2019-09-04,16000
onion,2019-09-05,16000
onion,2019-09-05,14000
onion,2019-09-06,16000
onion,2019-09-09,16000
onion,2019-09-10,16000
onion,2019-09-11,16000
onion,2019-09-16,16000
onion,2019-09-17,16000
onion,2019-09-18,16000
onion,2019-09-19,16000
onion,2019-09-20,14000
onion,2019-09-23,14000
onion,2019-09-24,14000
onion,2019-09-26,14000
onion,2019-09-27,14000
onion,2019-09-30,14000
onion,2019-10-01,14000
onion,2019-10-02,14000
onion,2019-10-04,14000
onion,2019-10-07,14000
onion,2019-10-08,14000
onion,2019-10-10,14000
onion,2019-10-11,14000
onion,2019-10-14,14000
onion,2019-10-15,14000
onion,2019-10-16,14000
onion,2019-10-17,14000
onion,2019-10-18,14000
onion,2019-10-21,13000
onion,2019-10-22,13000
onion,2019-10-23,12000
onion,2019-10-24,12000
onion,2019-10-25,12000
onion,2019-10-28,12000
onion,2019-10-29,12000
onion,2019-10-30,13000
onion,2019-10-31,13000
onion,2019-11-01,13000
onion,2019-11-04,15000
onion,2019-11-05,15000
onion,2019-11-06,15000
onion,2019-11-07,14000
onion,2019-11-08,14000
onion,2019-11-11,14000
onion,2019-11-12,14000
onion,2019-11-13,14000
onion,2019-11-14,13000
onion,2019-11-15,13000
onion,2019-11-18,14000
onion,2019-11-19,14000
onion,2019-11-20,14000
onion,2019-11-21,13000
onion,2019-11-22,13000
onion,2019-11-25,13000
onion,2019-11-26,13000
onion,2019-11-27,13000
onion,2019-11-28,13000
onion,2019-11-29,13000
onion,2019-12-02,13000
onion,2019-12-03,13000
onion,2019-12-04,13000
onion,2019-12-05,13000
onion,2019-12-09,13000
onion,2019-12-10,13000
onion,2019-12-11,13000
onion,2019-12-12,13000
onion,2019-12-13,13000
onion,2019-12-16,13000
onion,2019-12-17,13000
onion,2019-12-18,12000
onion,2019-12-19,12000
onion,2019-12-20,12000
onion,2019-12-23,12000
onion,2019-12-24,12000
onion,2019-12-25,12000
onion,2019-12-26,12000
onion,2019-12-30,12000
onion,2019-12-31,12000
radish,2017-01-02,23000
radish,2017-01-03,26000
radish,2017-01-04,27000
radish,2017-01-05,26000
radish,2017-01-06,22000
radish,2017-01-09,23000
radish,2017-01-10,23000
radish,2017-01-11,21000
radish,2017-01-12,20000
radish,2017-01-13,18000
radish,2017-01-16,18000
radish,2017-01-17,21000
radish,2017-01-18,20000
radish,2017-01-19,22000
radish,2017-01-20,22000
radish,2017-01-23,20000
radish,2017-01-24,20000
radish,2017-01-25,20000
radish,2017-01-26,20000
radish,2017-01-30,20000
radish,2017-02-01,21000
radish,2017-02-02,23000
radish,2017-02-03,22000
radish,2017-02-06,20000
radish,2017-02-07,20000
radish,2017-02-08,20000
radish,2017-02-09,18000
radish,2017-02-12,18000
radish,2017-02-13,19000
radish,2017-02-14,19000
radish,2017-02-15,19000
radish,2017-02-16,18000
radish,2017-02-17,17000
radish,2017-02-20,18000
radish,2017-02-21,16000
radish,2017-02-22,17000
radish,2017-02-23,17000
radish,2017-02-24,16000
radish,2017-02-27,18000
radish,2017-02-28,18000
radish,2017-03-02,19000
radish,2017-03-03,18000
radish,2017-03-06,17000
radish,2017-03-07,17000
radish,2017-03-08,16000
radish,2017-03-09,15000
radish,2017-03-10,15000
radish,2017-03-13,15000
radish,2017-03-14,16000
radish,2017-03-15,16000
radish,2017-03-16,17000
radish,2017-03-17,16000
radish,2017-03-20,16000
radish,2017-03-21,17000
radish,2017-03-22,16000
radish,2017-03-23,16000
radish,2017-03-24,17000
radish,2017-03-27,18000
radish,2017-03-28,19000
radish,2017-03-29,19000
radish,2017-03-30,17000
radish,2017-03-31,17000
radish,2017-04-03,16000
radish,2017-04-04,15000
radish,2017-04-05,15000
radish,2017-04-06,15000
radish,2017-04-07,16000
radish,2017-04-10,16000
radish,2017-04-11,16000
radish,2017-04-12,16000
radish,2017-04-13,16000
radish,2017-04-14,16000
radish,2017-04-17,15000
radish,2017-04-18,15000
radish,2017-04-19,15000
radish,2017-04-20,16000
radish,2017-04-21,15000
radish,2017-04-24,14000
radish,2017-04-25,14000
radish,2017-04-26,16000
radish,2017-04-27,17000
radish,2017-04-28,17000
radish,2017-05-02,17000
radish,2017-05-04,19000
radish,2017-05-08,17000
radish,2017-05-10,17000
radish,2017-05-11,18000
radish,2017-05-12,18000
radish,2017-05-15,18000
radish,2017-05-16,18000
radish,2017-05-17,18000
radish,2017-05-18,18000
radish,2017-05-19,16000
radish,2017-05-22,17000
radish,2017-05-23,17000
radish,2017-05-24,17000
radish,2017-05-25,14000
radish,2017-05-26,12000
radish,2017-05-29,12000
radish,2017-05-30,12000
radish,2017-05-31,13000
radish,2017-06-01,13000
radish,2017-06-02,13000
radish,2017-06-05,13000
radish,2017-06-07,14000
radish,2017-06-08,14000
radish,2017-06-09,14000
radish,2017-06-12,12000
radish,2017-06-13,12000
radish,2017-06-14,11000
radish,2017-06-15,11000
radish,2017-06-16,11000
radish,2017-06-19,12000
radish,2017-06-20,13000
radish,2017-06-21,11000
radish,2017-06-22,11000
radish,2017-06-23,12000
radish,2017-06-26,11000
radish,2017-06-27,13000
radish,2017-06-28,12000
radish,2017-06-29,11000
radish,2017-06-30,11000
radish,2017-07-03,13000
radish,2017-07-04,11000
radish,2017-07-05,11000
radish,2017-07-06,10000
radish,2017-07-07,10000
radish,2017-07-10,12000
radish,2017-07-11,13000
radish,2017-07-12,13000
radish,2017-07-13,12000
radish,2017-07-14,12000
radish,2017-07-17,14000
radish,2017-07-18,15000
radish,2017-07-19,15000
radish,2017-07-20,14000
radish,2017-07-21,14000
radish,2017-07-24,19000
radish,2017-07-25,16000
radish,2017-07-26,20000
radish,2017-07-27,20000
radish,2017-07-28,22000
radish,2017-07-31,20000
radish,2017-08-01,20000
radish,2017-08-02,20000
radish,2017-08-03,20000
radish,2017-08-04,20000
radish,2017-08-07,20000
radish,2017-08-08,20000
radish,2017-08-09,20000
radish,2017-08-10,20000
radish,2017-08-11,22000
radish,2017-08-15,22000
radish,2017-08-16,22000
radish,2017-08-17,22000
radish,2017-08-18,22000
radish,2017-08-19,22000
radish,2017-08-22,21000
radish,2017-08-23,20000
radish,2017-08-24,20000
radish,2017-08-25,21000
radish,2017-08-26,22000
radish,2017-08-29,22000
radish,2017-08-30,22000
radish,2017-08-31,19000
radish,2017-09-01,18000
radish,2017-09-04,21000
radish,2017-09-05,20000
radish,2017-09-06,20000
radish,2017-09-07,18000
radish,2017-09-08,18000
radish,2017-09-11,18000
radish,2017-09-12,20000
radish,2017-09-13,18000
radish,2017-09-14,18000
radish,2017-09-15,18000
radish,2017-09-18,17000
radish,2017-09-19,16000
radish,2017-09-20,15000
radish,2017-09-21,15000
radish,2017-09-22,15000
radish,2017-09-25,14000
radish,2017-09-26,13000
radish,2017-09-27,13000
radish,2017-09-28,13000
radish,2017-09-29,13000
radish,2017-10-10,14000
radish,2017-10-11,14000
radish,2017-10-12,12000
radish,2017-10-13,11000
radish,2017-10-16,9000
radish,2017-10-17,9000
radish,2017-10-18,8000
radish,2017-10-19,8000
radish,2017-10-20,8000
radish,2017-10-23,8000
radish,2017-10-24,8000
radish,2017-10-25,8000
radish,2017-10-26,8000
radish,2017-10-27,8000
radish,2017-10-30,8000
radish,2017-10-31,8000
radish,2017-11-01,8000
radish,2017-11-02,8000
radish,2017-11-03,8000
radish,2017-11-06,9000
radish,2017-11-07,9000
radish,2017-11-08,10000
radish,2017-11-09,9000
radish,2017-11-10,9000
radish,2017-11-13,8000
radish,2017-11-14,8000
radish,2017-11-15,8000
radish,2017-11-16,8000
radish,2017-11-17,8000
radish,2017-11-20,8000
radish,2017-11-21,9000
radish,2017-11-22,9000
radish,2017-11-23,9000
radish,2017-11-24,10000
radish,2017-11-27,9000
radish,2017-11-28,9000
radish,2017-11-29,8000
radish,2017-11-30,9000
radish,2017-12-04,8000
radish,2017-12-05,8000
radish,2017-12-06,8000
radish,2017-12-07,9000
radish,2017-12-08,10000
radish,2017-12-11,10000
radish,2017-12-12,10000
radish,2017-12-13,10000
radish,2017-12-14,10000
radish,2017-12-15,9000
radish,2017-12-18,10000
radish,2017-12-19,10000
radish,2017-12-20,10000
radish,2017-12-21,10000
radish,2017-12-22,10000
radish,2017-12-26,10000
radish,2017-12-27,10000
radish,2017-12-28,10000
radish,2017-12-29,11000
radish,2018-01-02,9900
radish,2018-01-02,9900
radish,2018-01-03,10800
radish,2018-01-03,10800
radish,2018-01-04,10800
radish,2018-01-04,10800
radish,2018-01-07,9900
radish,2018-01-07,9900
radish,2018-01-08,9900
radish,2018-01-08,9900
radish,2018-01-09,9900
radish,2018-01-09,9900
radish,2018-01-10,10000
radish,2018-01-10,10000
radish,2018-01-11,10000
radish,2018-01-11,10000
radish,2018-01-12,10000
radish,2018-01-12,10000
radish,2018-01-15,10000
radish,2018-01-15,10000
radish,2018-01-16,10000
radish,2018-01-16,10000
radish,2018-01-17,10000
radish,2018-01-17,10000
radish,2018-01-18,10000
radish,2018-01-18,10000
radish,2018-01-19,10000
radish,2018-01-19,10000
radish,2018-01-22,9000
radish,2018-01-22,9000
radish,2018-01-23,9000
radish,2018-01-23,9000
radish,2018-01-24,9000
radish,2018-01-24,9000
radish,2018-01-25,9000
radish,2018-01-25,9000
radish,2018-01-26,9000
radish,2018-01-26,9000
radish,2018-01-29,10000
radish,2018-01-29,10000
radish,2018-01-30,12000
radish,2018-01-30,12000
radish,2018-01-31,13000
radish,2018-01-31,13000
radish,2018-02-01,14000
radish,2018-02-01,14000
radish,2018-02-02,14000
radish,2018-02-02,14000
radish,2018-02-05,20000
radish,2018-02-05,20000
radish,2018-02-06,25000
radish,2018-02-06,25000
radish,2018-02-07,25000
radish,2018-02-07,25000
radish,2018-02-08,22000
radish,2018-02-08,22000
radish,2018-02-09,18000
radish,2018-02-09,18000
radish,2018-02-12,18000
radish,2018-02-12,18000
radish,2018-02-13,17000
radish,2018-02-13,17000
radish,2018-02-14,17000
radish,2018-02-14,17000
radish,2018-02-19,17000
radish,2018-02-19,17000
radish,2018-02-20,17000
radish,2018-02-20,17000
radish,2018-02-21,17000
radish,2018-02-21,17000
radish,2018-02-22,17000
radish,2018-02-22,17000
radish,2018-02-23,16000
radish,2018-02-23,16000
radish,2018-02-26,17000
radish,2018-02-26,17000
radish,2018-02-27,17000
radish,2018-02-27,17000
radish,2018-02-28,17000
radish,2018-02-28,17000
radish,2018-03-02,21000
radish,2018-03-02,21000
radish,2018-03-05,18000
radish,2018-03-05,18000
radish,2018-03-06,18000
radish,2018-03-06,18000
radish,2018-03-07,18000
radish,2018-03-07,18000
radish,2018-03-08,18000
radish,2018-03-08,18000
radish,2018-03-09,17000
radish,2018-03-09,17000
radish,2018-03-12,17000
radish,2018-03-12,17000
radish,2018-03-13,17000
radish,2018-03-13,17000
radish,2018-03-14,17000
radish,2018-03-14,17000
radish,2018-03-15,18000
radish,2018-03-15,18000
radish,2018-03-16,18000
radish,2018-03-16,18000
radish,2018-03-19,18000
radish,2018-03-19,18000
radish,2018-03-20,18000
radish,2018-03-20,18000
radish,2018-03-21,18000
radish,2018-03-21,18000
radish,2018-03-22,20000
radish,2018-03-22,20000
radish,2018-03-23,20000
radish,2018-03-23,20000
radish,2018-03-26,20000
radish,2018-03-26,20000
radish,2018-03-27,20000
radish,2018-03-27,20000
radish,2018-03-28,20000
radish,2018-03-28,20000
radish,2018-03-29,18000
radish,2018-03-29,18000
radish,2018-03-30,18000
radish,2018-03-30,18000
radish,2018-04-02,18000
radish,2018-04-02,18000
radish,2018-04-03,17000
radish,2018-04-03,17000
radish,2018-04-04,17000
radish,2018-04-04,17000
radish,2018-04-05,17000
radish,2018-04-05,17000
radish,2018-04-06,18000
radish,2018-04-06,18000
radish,2018-04-09,19000
radish,2018-04-09,19000
radish,2018-04-10,19000
radish,2018-04-10,19000
radish,2018-04-11,19000
radish,2018-04-11,19000
radish,2018-04-12,17000
radish,2018-04-12,17000
radish,2018-04-13,17000
radish,2018-04-13,17000
radish,2018-04-16,17000
radish,2018-04-16,17000
radish,2018-04-17,19000
radish,2018-04-17,19000
radish,2018-04-18,20000
radish,2018-04-18,20000
radish,2018-04-19,21000
radish,2018-04-19,21000
radish,2018-04-20,21000
radish,2018-04-20,21000
radish,2018-04-23,21000
radish,2018-04-23,21000
radish,2018-04-24,21000
radish,2018-04-24,21000
radish,2018-04-25,22000
radish,2018-04-25,22000
radish,2018-04-26,22000
radish,2018-04-26,22000
radish,2018-04-27,22000
radish,2018-04-27,22000
radish,2018-04-30,22000
radish,2018-04-30,22000
radish,2018-05-02,24000
radish,2018-05-02,24000
radish,2018-05-03,24000
radish,2018-05-03,24000
radish,2018-05-04,26000
radish,2018-05-04,26000
radish,2018-05-08,26000
radish,2018-05-08,26000
radish,2018-05-09,24000
radish,2018-05-09,24000
radish,2018-05-10,24000
radish,2018-05-10,24000
radish,2018-05-11,24000
radish,2018-05-11,24000
radish,2018-05-12,24000
radish,2018-05-12,24000
radish,2018-05-15,26000
radish,2018-05-15,26000
radish,2018-05-16,25500
radish,2018-05-16,25500
radish,2018-05-17,24500
radish,2018-05-17,24500
radish,2018-05-18,22500
radish,2018-05-18,22500
radish,2018-05-22,20500
radish,2018-05-22,20500
radish,2018-05-23,18000
radish,2018-05-23,18000
radish,2018-05-24,17500
radish,2018-05-24,17500
radish,2018-05-25,18000
radish,2018-05-25,18000
radish,2018-05-28,18000
radish,2018-05-28,18000
radish,2018-05-29,18000
radish,2018-05-29,18000
radish,2018-05-30,18000
radish,2018-05-30,18000
radish,2018-05-31,18000
radish,2018-05-31,18000
radish,2018-06-01,14000
radish,2018-06-01,14000
radish,2018-06-04,13000
radish,2018-06-04,13000
radish,2018-06-05,15000
radish,2018-06-05,15000
radish,2018-06-07,14000
radish,2018-06-07,14000
radish,2018-06-08,14000
radish,2018-06-08,14000
radish,2018-06-11,14000
radish,2018-06-11,14000
radish,2018-06-12,14000
radish,2018-06-12,14000
radish,2018-06-14,13000
radish,2018-06-14,13000
radish,2018-06-17,13000
radish,2018-06-17,13000
radish,2018-06-18,13000
radish,2018-06-18,13000
radish,2018-06-19,13000
radish,2018-06-19,13000
radish,2018-06-20,13000
radish,2018-06-20,13000
radish,2018-06-21,13000
radish,2018-06-21,13000
radish,2018-06-22,13000
radish,2018-06-22,13000
radish,2018-06-25,13000
radish,2018-06-25,13000
radish,2018-06-26,15000
radish,2018-06-26,15000
radish,2018-06-27,15000
radish,2018-06-27,15000
radish,2018-06-28,15000
radish,2018-06-28,15000
radish,2018-06-29,15000
radish,2018-06-29,15000
radish,2018-07-02,15000
radish,2018-07-02,15000
radish,2018-07-03,15000
radish,2018-07-03,15000
radish,2018-07-04,14000
radish,2018-07-04,14000
radish,2018-07-05,13000
radish,2018-07-05,13000
radish,2018-07-06,13000
radish,2018-07-06,13000
radish,2018-07-09,12000
radish,2018-07-09,12000
radish,2018-07-10,13000
radish,2018-07-10,13000
radish,2018-07-11,15000
radish,2018-07-11,15000
radish,2018-07-12,16000
radish,2018-07-12,16000
radish,2018-07-13,16000
radish,2018-07-13,16000
radish,2018-07-16,18000
radish,2018-07-16,18000
radish,2018-07-17,18000
radish,2018-07-17,18000
radish,2018-07-18,18000
radish,2018-07-18,18000
radish,2018-07-19,18000
radish,2018-07-19,18000
radish,2018-07-20,18000
radish,2018-07-20,18000
radish,2018-07-23,17000
radish,2018-07-23,17000
radish,2018-07-24,17000
radish,2018-07-24,17000
radish,2018-07-25,17000
radish,2018-07-25,17000
radish,2018-07-26,21000
radish,2018-07-26,21000
radish,2018-07-27,25000
radish,2018-07-27,25000
radish,2018-07-30,25000
radish,2018-07-30,25000
radish,2018-07-31,25000
radish,2018-07-31,25000
radish,2018-08-01,25000
radish,2018-08-01,25000
radish,2018-08-02,25000
radish,2018-08-02,25000
radish,2018-08-03,22000
radish,2018-08-03,22000
radish,2018-08-06,25000
radish,2018-08-06,25000
radish,2018-08-07,26000
radish,2018-08-07,26000
radish,2018-08-08,26000
radish,2018-08-08,26000
radish,2018-08-09,26000
radish,2018-08-09,26000
radish,2018-08-10,26000
radish,2018-08-10,26000
radish,2018-08-13,25000
radish,2018-08-13,25000
radish,2018-08-14,24000
radish,2018-08-14,24000
radish,2018-08-16,24000
radish,2018-08-16,24000
radish,2018-08-17,24000
radish,2018-08-17,24000
radish,2018-08-20,23000
radish,2018-08-20,23000
radish,2018-08-21,23000
radish,2018-08-21,23000
radish,2018-08-22,27000
radish,2018-08-22,27000
radish,2018-08-23,30000
radish,2018-08-23,30000
radish,2018-08-24,34000
radish,2018-08-24,34000
radish,2018-08-27,27000
radish,2018-08-27,27000
radish,2018-08-28,32000
radish,2018-08-28,32000
radish,2018-08-29,30000
radish,2018-08-29,30000
radish,2018-08-30,26000
radish,2018-08-30,26000
radish,2018-08-31,24000
radish,2018-08-31,24000
radish,2018-09-03,24000
radish,2018-09-03,24000
radish,2018-09-04,28000
radish,2018-09-04,28000
radish,2018-09-05,26000
radish,2018-09-05,26000
radish,2018-09-06,26000
radish,2018-09-06,26000
radish,2018-09-07,25000
radish,2018-09-07,25000
radish,2018-09-10,25000
radish,2018-09-10,25000
radish,2018-09-11,25000
radish,2018-09-11,25000
radish,2018-09-12,25000
radish,2018-09-12,25000
radish,2018-09-13,25000
radish,2018-09-13,25000
radish,2018-09-14,25000
radish,2018-09-14,25000
radish,2018-09-17,25000
radish,2018-09-17,25000
radish,2018-09-18,25000
radish,2018-09-18,25000
radish,2018-09-19,25000
radish,2018-09-19,25000
radish,2018-09-20,25000
radish,2018-09-20,25000
radish,2018-09-21,27000
radish,2018-09-21,27000
radish,2018-09-27,27000
radish,2018-09-27,27000
radish,2018-09-28,25000
radish,2018-09-28,25000
radish,2018-10-01,21000
radish,2018-10-01,21000
radish,2018-10-02,20000
radish,2018-10-02,20000
radish,2018-10-04,18000
radish,2018-10-04,18000
radish,2018-10-05,20000
radish,2018-10-05,20000
radish,2018-10-08,20000
radish,2018-10-08,20000
radish,2018-10-10,18000
radish,2018-10-10,18000
radish,2018-10-11,17000
radish,2018-10-11,17000
radish,2018-10-12,16000
radish,2018-10-12,16000
radish,2018-10-15,14000
radish,2018-10-15,14000
radish,2018-10-16,14000
radish,2018-10-16,14000
radish,2018-10-17,13000
radish,2018-10-17,13000
radish,2018-10-18,14000
radish,2018-10-18,14000
radish,2018-10-19,14000
radish,2018-10-19,14000
radish,2018-10-22,13000
radish,2018-10-22,13000
radish,2018-10-23,13000
radish,2018-10-23,13000
radish,2018-10-24,13000
radish,2018-10-24,13000
radish,2018-10-25,12000
radish,2018-10-25,12000
radish,2018-10-26,11000
radish,2018-10-26,11000
radish,2018-10-29,12000
radish,2018-10-29,12000
radish,2018-10-30,11500
radish,2018-10-30,11500
radish,2018-10-31,11500
radish,2018-10-31,11500
radish,2018-11-01,10000
radish,2018-11-01,10000
radish,2018-11-02,10000
radish,2018-11-02,10000
radish,2018-11-05,10000
radish,2018-11-05,10000
radish,2018-11-06,9000
radish,2018-11-06,9000
radish,2018-11-07,9000
radish,2018-11-07,9000
radish,2018-11-08,10000
radish,2018-11-08,10000
radish,2018-11-09,10000
radish,2018-11-09,10000
radish,2018-11-12,10000
radish,2018-11-12,10000
radish,2018-11-13,9000
radish,2018-11-13,9000
radish,2018-11-14,9000
radish,2018-11-14,9000
radish,2018-11-15,9000
radish,2018-11-15,9000
radish,2018-11-16,8000
radish,2018-11-16,8000
radish,2018-11-19,7000
radish,2018-11-19,7000
radish,2018-11-20,7000
radish,2018-11-20,7000
radish,2018-11-21,7000
radish,2018-11-21,7000
radish,2018-11-22,7000
radish,2018-11-22,7000
radish,2018-11-23,8000
radish,2018-11-23,8000
radish,2018-11-26,8000
radish,2018-11-26,8000
radish,2018-11-27,7000
radish,2018-11-27,7000
radish,2018-11-28,6000
radish,2018-11-28,6000
radish,2018-11-29,6000
radish,2018-11-29,6000
radish,2018-11-30,7000
radish,2018-11-30,7000
radish,2018-12-03,8000
radish,2018-12-03,8000
radish,2018-12-04,8000
radish,2018-12-04,8000
radish,2018-12-05,8000
radish,2018-12-05,8000
radish,2018-12-06,8000
radish,2018-12-06,8000
radish,2018-12-10,8000
radish,2018-12-10,8000
radish,2018-12-11,8000
radish,2018-12-11,8000
radish,2018-12-12,8000
radish,2018-12-12,8000
radish,2018-12-13,7000
radish,2018-12-13,7000
radish,2018-12-14,7000
radish,2018-12-14,7000
radish,2018-12-17,8000
radish,2018-12-17,8000
radish,2018-12-18,8000
radish,2018-12-18,8000
radish,2018-12-19,8000
radish,2018-12-19,8000
radish,2018-12-20,7500
radish,2018-12-20,7500
radish,2018-12-21,7500
radish,2018-12-21,7500
radish,2018-12-24,7500
radish,2018-12-24,7500
radish,2018-12-26,7500
radish,2018-12-26,7500
radish,2018-12-27,8000
radish,2018-12-27,8000
radish,2018-12-28,8000
radish,2018-12-28,8000
radish,2018-12-29,8000
radish,2018-12-29,8000
springonion,2017-01-02,2500
springonion,2017-01-03,2500
springonion,2017-01-04,2500
springonion,2017-01-05,2500
springonion,2017-01-06,2500
springonion,2017-01-09,2500
springonion,2017-01-10,2500
springonion,2017-01-11,2500
springonion,2017-01-12,2300
springonion,2017-01-13,2300
springonion,2017-01-16,2300
springonion,2017-01-17,2300
springonion,2017-01-18,2300
springonion,2017-01-19,2300
springonion,2017-01-20,2300
springonion,2017-01-23,2300
springonion,2017-01-24,2500
springonion,2017-01-25,2500
springonion,2017-01-26,2500
springonion,2017-01-30,2500
springonion,2017-02-01,2500
springonion,2017-02-02,2500
springonion,2017-02-03,2500
springonion,2017-02-06,2500
springonion,2017-02-07,2500
springonion,2017-02-08,2500
springonion,2017-02-09,2500
springonion,2017-02-12,2500
springonion,2017-02-13,2500
springonion,2017-02-14,2500
springonion,2017-02-15,2500
springonion,2017-02-16,2500
springonion,2017-02-17,2500
springonion,2017-02-20,2500
springonion,2017-02-21,2500
springonion,2017-02-22,2600
springonion,2017-02-23,2600
springonion,2017-02-24,2600
springonion,2017-02-27,2600
springonion,2017-02-28,2600
springonion,2017-03-02,2800
springonion,2017-03-03,3000
springonion,2017-03-06,3200
springonion,2017-03-07,3200
springonion,2017-03-08,3200
springonion,2017-03-09,3200
springonion,2017-03-10,3200
springonion,2017-03-13,3000
springonion,2017-03-14,3000
springonion,2017-03-15,2800
springonion,2017-03-16,2800
springonion,2017-03-17,2800
springonion,2017-03-20,2800
springonion,2017-03-21,2800
springonion,2017-03-22,2800
springonion,2017-03-23,2800
springonion,2017-03-24,2800
springonion,2017-03-27,2800
springonion,2017-03-28,2800
springonion,2017-03-29,3000
springonion,2017-03-30,3000
springonion,2017-03-31,2700
springonion,2017-04-03,2700
springonion,2017-04-04,2700
springonion,2017-04-05,2700
springonion,2017-04-06,2900
springonion,2017-04-07,2700
springonion,2017-04-10,2500
springonion,2017-04-11,2500
springonion,2017-04-12,2500
springonion,2017-04-13,2500
springonion,2017-04-14,2200
springonion,2017-04-17,2200
springonion,2017-04-18,2200
springonion,2017-04-19,2200
springonion,2017-04-20,2000
springonion,2017-04-21,2000
springonion,2017-04-24,1800
springonion,2017-04-25,1800
springonion,2017-04-26,1800
springonion,2017-04-27,1800
springonion,2017-04-28,1800
springonion,2017-05-02,1800
springonion,2017-05-04,2000
springonion,2017-05-08,1800
springonion,2017-05-10,1900
springonion,2017-05-11,1700
springonion,2017-05-12,1700
springonion,2017-05-15,1700
springonion,2017-05-16,1700
springonion,2017-05-17,1700
springonion,2017-05-18,1700
springonion,2017-05-19,1700
springonion,2017-05-22,1700
springonion,2017-05-23,1700
springonion,2017-05-24,1700
springonion,2017-05-25,1700
springonion,2017-05-26,1700
springonion,2017-05-29,1700
springonion,2017-05-30,1700
springonion,2017-05-31,1700
springonion,2017-06-01,1700
springonion,2017-06-02,1700
springonion,2017-06-05,1700
springonion,2017-06-07,1700
springonion,2017-06-08,1700
springonion,2017-06-09,1500
springonion,2017-06-12,1500
springonion,2017-06-13,1500
springonion,2017-06-14,1500
springonion,2017-06-15,1500
springonion,2017-06-16,1500
springonion,2017-06-19,1500
springonion,2017-06-20,1700
springonion,2017-06-21,1500
springonion,2017-06-22,1500
springonion,2017-06-23,1500
springonion,2017-06-26,1500
springonion,2017-06-27,1500
springonion,2017-06-28,1500
springonion,2017-06-29,1500
springonion,2017-06-30,1500
springonion,2017-07-03,1700
springonion,2017-07-04,1700
springonion,2017-07-05,1500
springonion,2017-07-06,1500
springonion,2017-07-07,1500
springonion,2017-07-10,1500
springonion,2017-07-11,1500
springonion,2017-07-12,1500
springonion,2017-07-13,1500
springonion,2017-07-14,1500
springonion,2017-07-17,1800
springonion,2017-07-18,1800
springonion,2017-07-19,1800
springonion,2017-07-20,1600
springonion,2017-07-21,1600
springonion,2017-07-24,1600
springonion,2017-07-25,1600
springonion,2017-07-26,1800
springonion,2017-07-27,2000
springonion,2017-07-28,2000
springonion,2017-07-31,2000
springonion,2017-08-01,2000
springonion,2017-08-02,2000
springonion,2017-08-03,2400
springonion,2017-08-04,2600
springonion,2017-08-07,2400
springonion,2017-08-08,2000
springonion,2017-08-09,2000
springonion,2017-08-10,2000
springonion,2017-08-11,2000
springonion,2017-08-15,2300
springonion,2017-08-16,2500
springonion,2017-08-17,2500
springonion,2017-08-18,2500
springonion,2017-08-19,2500
springonion,2017-08-22,2500
springonion,2017-08-23,2500
springonion,2017-08-24,2500
springonion,2017-08-25,2500
springonion,2017-08-26,2500
springonion,2017-08-29,2500
springonion,2017-08-30,2700
springonion,2017-08-31,2500
springonion,2017-09-01,2500
springonion,2017-09-04,2500
springonion,2017-09-05,2500
springonion,2017-09-06,2500
springonion,2017-09-07,2500
springonion,2017-09-08,2500
springonion,2017-09-11,2500
springonion,2017-09-12,2500
springonion,2017-09-13,2500
springonion,2017-09-14,2500
springonion,2017-09-15,2200
springonion,2017-09-18,2200
springonion,2017-09-19,2200
springonion,2017-09-20,2000
springonion,2017-09-21,2000
springonion,2017-09-22,2000
springonion,2017-09-25,2000
springonion,2017-09-26,2000
springonion,2017-09-27,2000
springonion,2017-09-28,2000
springonion,2017-09-29,1800
springonion,2017-10-10,1800
springonion,2017-10-11,1800
springonion,2017-10-12,1800
springonion,2017-10-13,1800
springonion,2017-10-16,1800
springonion,2017-10-17,1800
springonion,2017-10-18,1800
springonion,2017-10-19,1600
springonion,2017-10-20,1600
springonion,2017-10-23,1600
springonion,2017-10-24,1600
springonion,2017-10-25,1600
springonion,2017-10-26,1600
springonion,2017-10-27,1600
springonion,2017-10-30,1600
springonion,2017-10-31,2000
springonion,2017-11-01,1800
springonion,2017-11-02,1800
springonion,2017-11-03,1800
springonion,2017-11-06,1800
springonion,2017-11-07,1600
springonion,2017-11-08,1600
springonion,2017-11-09,1600
springonion,2017-11-10,1600
springonion,2017-11-13,1600
springonion,2017-11-14,1700
springonion,2017-11-15,1700
springonion,2017-11-16,1700
springonion,2017-11-17,1700
springonion,2017-11-20,1700
springonion,2017-11-21,1700
springonion,2017-11-22,1700
springonion,2017-11-23,1700
springonion,2017-11-24,1700
springonion,2017-11-27,1700
springonion,2017-11-28,1700
springonion,2017-11-29,1700
springonion,2017-11-30,1700
springonion,2017-12-04,1700
springonion,2017-12-05,1700
springonion,2017-12-06,1700
springonion,2017-12-07,1800
springonion,2017-12-08,1800
springonion,2017-12-11,1800
springonion,2017-12-12,1800
springonion,2017-12-13,1800
springonion,2017-12-14,1800
springonion,2017-12-15,1800
springonion,2017-12-18,1800
springonion,2017-12-19,1800
springonion,2017-12-20,1800
springonion,2017-12-21,1800
springonion,2017-12-22,1800
springonion,2017-12-26,1800
springonion,2017-12-27,1800
springonion,2017-12-28,1800
springonion,2017-12-29,1800
springonion,2018-01-02,1800
springonion,2018-01-03,1800
springonion,2018-01-04,1800
springonion,2018-01-07,1800
springonion,2018-01-08,1800
springonion,2018-01-09,2000
springonion,2018-01-10,2000
springonion,2018-01-11,2000
springonion,2018-01-12,2000
springonion,2018-01-15,2000
springonion,2018-01-16,2000
springonion,2018-01-17,2000
springonion,2018-01-18,2000
springonion,2018-01-19,2000
springonion,2018-01-22,2000
springonion,2018-01-23,2000
springonion,2018-01-24,2000
springonion,2018-01-25,2000
springonion,2018-01-26,2000
springonion,2018-01-29,2300
springonion,2018-01-30,2000
springonion,2018-01-31,2300
springonion,2018-02-01,2300
springonion,2018-02-02,2300
springonion,2018-02-05,2300
springonion,2018-02-06,2300
springonion,2018-02-07,2600
springonion,2018-02-08,2700
springonion,2018-02-09,2700
springonion,2018-02-12,2500
springonion,2018-02-13,2500
springonion,2018-02-14,2500
springonion,2018-02-19,2000
springonion,2018-02-20,2000
springonion,2018-02-21,2000
springonion,2018-02-22,2000
springonion,2018-02-23,2000
springonion,2018-02-26,2000
springonion,2018-02-27,2000
springonion,2018-02-28,2000
springonion,2018-03-02,2000
springonion,2018-03-05,2000
springonion,2018-03-06,2000
springonion,2018-03-07,2000
springonion,2018-03-08,1800
springonion,2018-03-09,1800
springonion,2018-03-12,1700
springonion,2018-03-13,1700
springonion,2018-03-14,1700
springonion,2018-03-15,1700
springonion,2018-03-16,1700
springonion,2018-03-19,1700
springonion,2018-03-20,1700
springonion,2018-03-21,1700
springonion,2018-03-22,1700
springonion,2018-03-23,1700
springonion,2018-03-26,1600
springonion,2018-03-27,1600
springonion,2018-03-28,1600
springonion,2018-03-29,1600
springonion,2018-03-30,1500
springonion,2018-04-02,1700
springonion,2018-04-03,1700
springonion,2018-04-04,1500
springonion,2018-04-05,1500
springonion,2018-04-06,1400
springonion,2018-04-09,1400
springonion,2018-04-10,1400
springonion,2018-04-11,1400
springonion,2018-04-12,1300
springonion,2018-04-13,1300
springonion,2018-04-16,1300
springonion,2018-04-17,1300
springonion,2018-04-18,1200
springonion,2018-04-19,1200
springonion,2018-04-20,1200
springonion,2018-04-23,1200
springonion,2018-04-24,1300
springonion,2018-04-25,1300
springonion,2018-04-26,1300
springonion,2018-04-27,1300
springonion,2018-04-30,1300
springonion,2018-05-02,1300
springonion,2018-05-03,1300
springonion,2018-05-04,1300
springonion,2018-05-08,1500
springonion,2018-05-09,1700
springonion,2018-05-10,1700
springonion,2018-05-11,1700
springonion,2018-05-12,1700
springonion,2018-05-15,1500
springonion,2018-05-16,1500
springonion,2018-05-17,1500
springonion,2018-05-18,1500
springonion,2018-05-22,1700
springonion,2018-05-23,2000
springonion,2018-05-24,2000
springonion,2018-05-25,2000
springonion,2018-05-28,2000
springonion,2018-05-29,2000
springonion,2018-05-30,2000
springonion,2018-05-31,2000
springonion,2018-06-01,1800
springonion,2018-06-04,1800
springonion,2018-06-05,1800
springonion,2018-06-07,1800
springonion,2018-06-08,1800
springonion,2018-06-11,1800
springonion,2018-06-12,1800
springonion,2018-06-14,1600
springonion,2018-06-17,1600
springonion,2018-06-18,1600
springonion,2018-06-19,1600
springonion,2018-06-20,1400
springonion,2018-06-21,1400
springonion,2018-06-22,1400
springonion,2018-06-25,1400
springonion,2018-06-26,1400
springonion,2018-06-27,1600
springonion,2018-06-28,1600
springonion,2018-06-29,1600
springonion,2018-07-02,1600
springonion,2018-07-03,1600
springonion,2018-07-04,1600
springonion,2018-07-05,1600
springonion,2018-07-06,1600
springonion,2018-07-09,1600
springonion,2018-07-10,1600
springonion,2018-07-11,1600
springonion,2018-07-12,1600
springonion,2018-07-13,1600
springonion,2018-07-16,1600
springonion,2018-07-17,1600
springonion,2018-07-18,1800
springonion,2018-07-19,1800
springonion,2018-07-20,1600
springonion,2018-07-23,1600
springonion,2018-07-24,1600
springonion,2018-07-25,1600
springonion,2018-07-26,1600
springonion,2018-07-27,1600
springonion,2018-07-30,1800
springonion,2018-07-31,1800
springonion,2018-08-01,1600
springonion,2018-08-02,1600
springonion,2018-08-03,1800
springonion,2018-08-06,1800
springonion,2018-08-07,1800
springonion,2018-08-08,1800
springonion,2018-08-09,1800
springonion,2018-08-10,1800
springonion,2018-08-13,2000
springonion,2018-08-14,2000
springonion,2018-08-16,2000
springonion,2018-08-17,2000
springonion,2018-08-20,2000
springonion,2018-08-21,2200
springonion,2018-08-22,2400
springonion,2018-08-23,2600
springonion,2018-08-24,2800
springonion,2018-08-27,2800
springonion,2018-08-28,2800
springonion,2018-08-29,2800
springonion,2018-08-30,2800
springonion,2018-08-31,2800
springonion,2018-09-03,3000
springonion,2018-09-04,3200
springonion,2018-09-05,3200
springonion,2018-09-06,3200
springonion,2018-09-07,3000
springonion,2018-09-10,3000
springonion,2018-09-11,3000
springonion,2018-09-12,3000
springonion,2018-09-13,3000
springonion,2018-09-14,3000
springonion,2018-09-17,3000
springonion,2018-09-18,3000
springonion,2018-09-19,2800
springonion,2018-09-20,2800
springonion,2018-09-21,2800
springonion,2018-09-27,3000
springonion,2018-09-28,2700
springonion,2018-10-01,3000
springonion,2018-10-02,3200
springonion,2018-10-04,2800
springonion,2018-10-05,2800
springonion,2018-10-08,3000
springonion,2018-10-10,3000
springonion,2018-10-11,2700
springonion,2018-10-12,2500
springonion,2018-10-15,2500
springonion,2018-10-16,2500
springonion,2018-10-17,2200
springonion,2018-10-18,2000
springonion,2018-10-19,2000
springonion,2018-10-22,2000
springonion,2018-10-23,2300
springonion,2018-10-24,2300
springonion,2018-10-25,2300
springonion,2018-10-26,2100
springonion,2018-10-29,2000
springonion,2018-10-30,2000
springonion,2018-10-31,2000
springonion,2018-11-01,2000
springonion,2018-11-02,2000
springonion,2018-11-05,2000
springonion,2018-11-06,2000
springonion,2018-11-07,2000
springonion,2018-11-08,2200
springonion,2018-11-09,2200
springonion,2018-11-12,2300
springonion,2018-11-13,2300
springonion,2018-11-14,2300
springonion,2018-11-15,2300
springonion,2018-11-16,2300
springonion,2018-11-19,2100
springonion,2018-11-20,2100
springonion,2018-11-21,2100
springonion,2018-11-22,2100
springonion,2018-11-23,2000
springonion,2018-11-26,2000
springonion,2018-11-27,2000
springonion,2018-11-28,2000
springonion,2018-11-29,1800
springonion,2018-11-30,1800
springonion,2018-12-03,2000
springonion,2018-12-04,2000
springonion,2018-12-05,2000
springonion,2018-12-06,2000
springonion,2018-12-10,2200
springonion,2018-12-11,2200
springonion,2018-12-12,2200
springonion,2018-12-13,2000
springonion,2018-12-14,2000
springonion,2018-12-17,2000
springonion,2018-12-18,2000
springonion,2018-12-19,1800
springonion,2018-12-20,1800
springonion,2018-12-21,1800
springonion,2018-12-24,1800
springonion,2018-12-26,1800
springonion,2018-12-27,1800
springonion,2018-12-28,1800
springonion,2018-12-29,1800
springonion,2019-01-02,1800
springonion,2019-01-03,2000
springonion,2019-01-04,2000
springonion,2019-01-07,2000
springonion,2019-01-08,2000
springonion,2019-01-09,1800
springonion,2019-01-10,1600
springonion,2019-01-11,1600
springonion,2019-01-14,1500
springonion,2019-01-15,1500
springonion,2019-01-16,1500
springonion,2019-01-17,1500
springonion,2019-01-18,1500
springonion,2019-01-21,1500
springonion,2019-01-22,1500
springonion,2019-01-23,1400
springonion,2019-01-24,1400
springonion,2019-01-25,1400
springonion,2019-01-28,1500
springonion,2019-01-29,1500
springonion,2019-01-30,1700
springonion,2019-01-31,1800
springonion,2019-02-01,1800
springonion,2019-02-07,1800
springonion,2019-02-08,1500
springonion,2019-02-11,1500
springonion,2019-02-12,1500
springonion,2019-02-13,1500
springonion,2019-02-14,1500
springonion,2019-02-15,1500
springonion,2019-02-18,1500
springonion,2019-02-19,1500
springonion,2019-02-20,1500
springonion,2019-02-21,1500
springonion,2019-02-22,1500
springonion,2019-02-25,1400
springonion,2019-02-26,1400
springonion,2019-02-27,1600
springonion,2019-02-28,1600
springonion,2019-03-04,1500
springonion,2019-03-05,1400
springonion,2019-03-06,1300
springonion,2019-03-07,1300
springonion,2019-03-08,1300
springonion,2019-03-11,1300
springonion,2019-03-12,1300
springonion,2019-03-13,1400
springonion,2019-03-14,1400
springonion,2019-03-15,1300
springonion,2019-03-18,1200
springonion,2019-03-19,1200
springonion,2019-03-20,1200
springonion,2019-03-21,1100
springonion,2019-03-22,1000
springonion,2019-03-25,1000
springonion,2019-03-26,1000
springonion,2019-03-27,1000
springonion,2019-03-28,1000
springonion,2019-03-29,1000
springonion,2019-04-01,1000
springonion,2019-04-02,1000
springonion,2019-04-03,1100
springonion,2019-04-04,1100
springonion,2019-04-05,1100
springonion,2019-04-08,1100
springonion,2019-04-09,1200
springonion,2019-04-10,1200
springonion,2019-04-11,1200
springonion,2019-04-12,1200
springonion,2019-04-13,1200
springonion,2019-04-16,1100
springonion,2019-04-17,1100
springonion,2019-04-18,1100
springonion,2019-04-19,1100
springonion,2019-04-22,1100
springonion,2019-04-23,1100
springonion,2019-04-24,1100
springonion,2019-04-25,1100
springonion,2019-04-26,1100
springonion,2019-04-29,1100
springonion,2019-04-30,1400
springonion,2019-05-02,1400
springonion,2019-05-03,1300
springonion,2019-05-07,1300
springonion,2019-05-08,1300
springonion,2019-05-09,1300
springonion,2019-05-10,1300
springonion,2019-05-13,1300
springonion,2019-05-14,1500
springonion,2019-05-15,1500
springonion,2019-05-16,1500
springonion,2019-05-17,1500
springonion,2019-05-20,1800
springonion,2019-05-21,1800
springonion,2019-05-22,1800
springonion,2019-05-23,1800
springonion,2019-05-24,1800
springonion,2019-05-27,1800
springonion,2019-05-28,1800
springonion,2019-05-29,1800
springonion,2019-05-30,2000
springonion,2019-05-31,2000
springonion,2019-06-01,2000
springonion,2019-06-02,1700
springonion,2019-06-05,1700
springonion,2019-06-07,1700
springonion,2019-06-10,1700
springonion,2019-06-11,1700
springonion,2019-06-12,1700
springonion,2019-06-13,1700
springonion,2019-06-14,1700
springonion,2019-06-17,1700
springonion,2019-06-18,1700
springonion,2019-06-19,1700
springonion,2019-06-20,1500
springonion,2019-06-21,1500
springonion,2019-06-24,1500
springonion,2019-06-25,1500
springonion,2019-06-26,1500
springonion,2019-06-27,1500
springonion,2019-06-28,1700
springonion,2019-07-01,1700
springonion,2019-07-02,1700
springonion,2019-07-03,1500
springonion,2019-07-04,1500
springonion,2019-07-05,1500
springonion,2019-07-08,1700
springonion,2019-07-09,1700
springonion,2019-07-10,1700
springonion,2019-07-11,1900
springonion,2019-07-12,1900
springonion,2019-07-15,1900
springonion,2019-07-16,1900
springonion,2019-07-17,1900
springonion,2019-07-18,1900
springonion,2019-07-19,1900
springonion,2019-07-22,1900
springonion,2019-07-23,1700
springonion,2019-07-24,1700
springonion,2019-07-25,1700
springonion,2019-07-26,1700
springonion,2019-07-29,2000
springonion,2019-07-30,2000
springonion,2019-07-31,2000
springonion,2019-08-01,2300
springonion,2019-08-02,2300
springonion,2019-08-05,2300
springonion,2019-08-06,2300
springonion,2019-08-07,2300
springonion,2019-08-08,2300
springonion,2019-08-09,2300
springonion,2019-08-10,2000
springonion,2019-08-13,2000
springonion,2019-08-14,1800
springonion,2019-08-15,1800
springonion,2019-08-16,1800
springonion,2019-08-17,1800
springonion,2019-08-21,1600
springonion,2019-08-22,1600
springonion,2019-08-23,1600
springonion,2019-08-26,1600
springonion,2019-08-27,1600
springonion,2019-08-28,1600
springonion,2019-08-29,1600
springonion,2019-08-30,1600
springonion,2019-09-02,1600
springonion,2019-09-03,1600
springonion,2019-09-04,1600
springonion,2019-09-05,1800
springonion,2019-09-05,2300
springonion,2019-09-06,1800
springonion,2019-09-09,2000
springonion,2019-09-10,2200
springonion,2019-09-11,2200
springonion,2019-09-16,2000
springonion,2019-09-17,2000
springonion,2019-09-18,2000
springonion,2019-09-19,2000
springonion,2019-09-20,1700
springonion,2019-09-23,2000
springonion,2019-09-24,2300
springonion,2019-09-26,2000
springonion,2019-09-27,1800
springonion,2019-09-30,1800
springonion,2019-10-01,1800
springonion,2019-10-02,1800
springonion,2019-10-04,2000
springonion,2019-10-07,2000
springonion,2019-10-08,2000
springonion,2019-10-10,2000
springonion,2019-10-11,2000
springonion,2019-10-14,2000
springonion,2019-10-15,2000
springonion,2019-10-16,2000
springonion,2019-10-17,2000
springonion,2019-10-18,2000
springonion,2019-10-21,2000
springonion,2019-10-22,2000
springonion,2019-10-23,2000
springonion,2019-10-24,1800
springonion,2019-10-25,1800
springonion,2019-10-28,1800
springonion,2019-10-29,1800
springonion,2019-10-30,1800
springonion,2019-10-31,1800
springonion,2019-11-01,1800
springonion,2019-11-04,1800
springonion,2019-11-05,1800
springonion,2019-11-06,1800
springonion,2019-11-07,1800
springonion,2019-11-08,1800
springonion,2019-11-11,1800
springonion,2019-11-12,1800
springonion,2019-11-13,1800
springonion,2019-11-14,1800
springonion,2019-11-15,1800
springonion,2019-11-18,1800
springonion,2019-11-19,2000
springonion,2019-11-20,2000
springonion,2019-11-21,2000
springonion,2019-11-22,2000
springonion,2019-11-25,1800
springonion,2019-11-26,1800
springonion,2019-11-27,1800
springonion,2019-11-28,1800
springonion,2019-11-29,1800
springonion,2019-12-02,1800
springonion,2019-12-03,1800
springonion,2019-12-04,1800
springonion,2019-12-05,1800
springonion,2019-12-09,1800
springonion,2019-12-10,1800
springonion,2019-12-11,1800
springonion,2019-12-12,1700
springonion,2019-12-13,1700
springonion,2019-12-16,1700
springonion,2019-12-17,1700
springonion,2019-12-18,1700
springonion,2019-12-19,1700
springonion,2019-12-20,1700
springonion,2019-12-23,1700
springonion,2019-12-24,1700
springonion,2019-12-25,1700
springonion,2019-12-26,1700
springonion,2019-12-30,1700
springonion,2019-12-31,1900
